"Dyad_ID","partnum","X_A","birthday_A","self_object_appearance_A","self_object_ability_A","other_object_appearance_A","other_object_ability_A","self_object.tavg_A","other_object.tavg_A","relation_qual.avg_A","X_P","birthday_P","self_object_appearance_P","self_object_ability_P","other_object_appearance_P","other_object_ability_P","self_object.tavg_P","other_object.tavg_P","relation_qual.avg_P"
"377033",1,1,49,3.6,7.4,3.4,7.6,3.8,4.2,,2,50,7.4,3.6,5.4,5.6,-3.8,0.199999999999999,
"377033",2,2,50,7.4,3.6,5.4,5.6,-3.8,0.199999999999999,,1,49,3.6,7.4,3.4,7.6,3.8,4.2,
"737834",1,3,50,7.2,3.8,7.8,3.2,-3.4,-4.6,6,4,50,6.8,4.2,6,5,-2.6,-1,7.5
"737834",2,4,50,6.8,4.2,6,5,-2.6,-1,7.5,3,50,7.2,3.8,7.8,3.2,-3.4,-4.6,6
"919757",1,5,46,3.8,7.2,6.2,4.8,3.4,-1.4,8.4,6,46,4.4,6.6,4,7,2.2,3,8.8
"919757",2,6,46,4.4,6.6,4,7,2.2,3,8.8,5,46,3.8,7.2,6.2,4.8,3.4,-1.4,8.4
"938324",1,7,56,4.8,6.2,6,5,1.4,-1,8.5,8,55,7.4,3.6,5,6,-3.8,1,8.5
"938324",2,8,55,7.4,3.6,5,6,-3.8,1,8.5,7,56,4.8,6.2,6,5,1.4,-1,8.5
"1063439",1,9,57,8,3,7.2,3.8,-5,-3.4,,10,59,6.4,4.6,6.6,4.4,-1.8,-2.2,
"1063439",2,10,59,6.4,4.6,6.6,4.4,-1.8,-2.2,,9,57,8,3,7.2,3.8,-5,-3.4,
"1151456",1,11,50,5.6,5.4,7.4,3.6,-0.199999999999999,-3.8,8.7,12,62,7,4,5.2,5.8,-3,0.6,8.8
"1151456",2,12,62,7,4,5.2,5.8,-3,0.6,8.8,11,50,5.6,5.4,7.4,3.6,-0.199999999999999,-3.8,8.7
"1213424",1,13,50,7.4,3.6,6.6,4.4,-3.8,-2.2,7.1,14,54,5,6,6,5,1,-1,5.8
"1213424",2,14,54,5,6,6,5,1,-1,5.8,13,50,7.4,3.6,6.6,4.4,-3.8,-2.2,7.1
"1215551",1,15,51,6.4,4.6,5.6,5.4,-1.8,-0.199999999999999,4.5,16,52,6.6,4.4,7.4,3.6,-2.2,-3.8,
"1215551",2,16,52,6.6,4.4,7.4,3.6,-2.2,-3.8,,15,51,6.4,4.6,5.6,5.4,-1.8,-0.199999999999999,4.5
"1534532",1,17,59,6.8,4.2,5.4,5.6,-2.6,0.199999999999999,4.8,18,59,5.6,5.4,3.8,7.2,-0.199999999999999,3.4,6.2
"1534532",2,18,59,5.6,5.4,3.8,7.2,-0.199999999999999,3.4,6.2,17,59,6.8,4.2,5.4,5.6,-2.6,0.199999999999999,4.8
"1796138",1,19,49,6.8,4.2,6.4,4.6,-2.6,-1.8,5.4,20,49,4.2,6.8,4.6,6.4,2.6,1.8,4.8
"1796138",2,20,49,4.2,6.8,4.6,6.4,2.6,1.8,4.8,19,49,6.8,4.2,6.4,4.6,-2.6,-1.8,5.4
"1836239",1,21,42,7.8,3.2,5.2,5.8,-4.6,0.6,7.1,22,39,5,6,5.8,5.2,1,-0.6,8.5
"1836239",2,22,39,5,6,5.8,5.2,1,-0.6,8.5,21,42,7.8,3.2,5.2,5.8,-4.6,0.6,7.1
"2048975",1,23,46,5.8,5.2,4.8,6.2,-0.6,1.4,7.2,24,43,5.6,5.4,7,4,-0.199999999999999,-3,7
"2048975",2,24,43,5.6,5.4,7,4,-0.199999999999999,-3,7,23,46,5.8,5.2,4.8,6.2,-0.6,1.4,7.2
"2192258",1,25,41,5.6,5.4,7.6,3.4,-0.199999999999999,-4.2,5.7,26,46,7.8,3.2,6.6,4.4,-4.6,-2.2,6.2
"2192258",2,26,46,7.8,3.2,6.6,4.4,-4.6,-2.2,6.2,25,41,5.6,5.4,7.6,3.4,-0.199999999999999,-4.2,5.7
"2262764",1,27,52,6.4,4.6,6.6,4.4,-1.8,-2.2,8.4,28,53,7.6,3.4,5.4,5.6,-4.2,0.199999999999999,8.7
"2262764",2,28,53,7.6,3.4,5.4,5.6,-4.2,0.199999999999999,8.7,27,52,6.4,4.6,6.6,4.4,-1.8,-2.2,8.4
"4052115",1,29,42,6.6,4.4,6,5,-2.2,-1,8.4,30,42,6.6,4.4,4.2,6.8,-2.2,2.6,8.4
"4052115",2,30,42,6.6,4.4,4.2,6.8,-2.2,2.6,8.4,29,42,6.6,4.4,6,5,-2.2,-1,8.4
"4292443",1,31,36,5,6,5.6,5.4,1,-0.199999999999999,7,32,30,5.8,5.2,6.2,4.8,-0.6,-1.4,6.3
"4292443",2,32,30,5.8,5.2,6.2,4.8,-0.6,-1.4,6.3,31,36,5,6,5.6,5.4,1,-0.199999999999999,7
"4593178",1,33,43,5.2,5.8,5.8,5.2,0.6,-0.6,8,34,46,6,5,4.6,6.4,-1,1.8,7.9
"4593178",2,34,46,6,5,4.6,6.4,-1,1.8,7.9,33,43,5.2,5.8,5.8,5.2,0.6,-0.6,8
"5339697",1,35,38,5.2,5.8,6,5,0.6,-1,8,36,39,6.4,4.6,7.6,3.4,-1.8,-4.2,8.7
"5339697",2,36,39,6.4,4.6,7.6,3.4,-1.8,-4.2,8.7,35,38,5.2,5.8,6,5,0.6,-1,8
"6359824",1,37,56,7.2,3.8,6.6,4.4,-3.4,-2.2,6.8,38,58,6.8,4.2,5.8,5.2,-2.6,-0.6,8.4
"6359824",2,38,58,6.8,4.2,5.8,5.2,-2.6,-0.6,8.4,37,56,7.2,3.8,6.6,4.4,-3.4,-2.2,6.8
"6894072",1,39,43,6.4,4.6,5.2,5.8,-1.8,0.6,8.3,40,50,4.6,6.4,5.4,5.6,1.8,0.199999999999999,4.7
"6894072",2,40,50,4.6,6.4,5.4,5.6,1.8,0.199999999999999,4.7,39,43,6.4,4.6,5.2,5.8,-1.8,0.6,8.3
"7403083",1,41,33,5.6,5.4,5,6,-0.199999999999999,1,4.5,42,40,4.4,6.6,6,5,2.2,-1,5
"7403083",2,42,40,4.4,6.6,6,5,2.2,-1,5,41,33,5.6,5.4,5,6,-0.199999999999999,1,4.5
"10211595",1,43,56,6.8,4.2,5.8,5.2,-2.6,-0.6,5.1,44,65,5.8,5.2,6.8,4.2,-0.6,-2.6,6.5
"10211595",2,44,65,5.8,5.2,6.8,4.2,-0.6,-2.6,6.5,43,56,6.8,4.2,5.8,5.2,-2.6,-0.6,5.1
"14872733",1,45,51,7.4,3.6,8,3,-3.8,-5,7.6,46,61,7.2,3.8,4,7,-3.4,3,7.2
"14872733",2,46,61,7.2,3.8,4,7,-3.4,3,7.2,45,51,7.4,3.6,8,3,-3.8,-5,7.6
"15149174",1,47,39,6.2,4.8,6.2,4.8,-1.4,-1.4,7.3,48,42,6,5,6.2,4.8,-1,-1.4,7.3
"15149174",2,48,42,6,5,6.2,4.8,-1,-1.4,7.3,47,39,6.2,4.8,6.2,4.8,-1.4,-1.4,7.3
"15892965",1,49,48,6.2,4.8,3.8,7.2,-1.4,3.4,7.8,50,71,,,,,,,6
"15892965",2,50,71,,,,,,,6,49,48,6.2,4.8,3.8,7.2,-1.4,3.4,7.8
"16244806",1,51,49,7,4,4.8,6.2,-3,1.4,9,52,49,4.4,6.6,4.6,6.4,2.2,1.8,8.7
"16244806",2,52,49,4.4,6.6,4.6,6.4,2.2,1.8,8.7,51,49,7,4,4.8,6.2,-3,1.4,9
"16699128",1,53,42,3,8,4.6,6.4,5,1.8,4.9,54,42,,,,,,,7.3
"16699128",2,54,42,,,,,,,7.3,53,42,3,8,4.6,6.4,5,1.8,4.9
"16711674",1,55,33,4,7,5.2,5.8,3,0.6,6.4,56,33,4.4,6.6,4.2,6.8,2.2,2.6,4.3
"16711674",2,56,33,4.4,6.6,4.2,6.8,2.2,2.6,4.3,55,33,4,7,5.2,5.8,3,0.6,6.4
"17701991",1,57,44,3.6,7.4,4.8,6.2,3.8,1.4,7.6,58,42,4.8,6.2,5.8,5.2,1.4,-0.6,6.7
"17701991",2,58,42,4.8,6.2,5.8,5.2,1.4,-0.6,6.7,57,44,3.6,7.4,4.8,6.2,3.8,1.4,7.6
"17986423",1,59,54,8,3,8,3,-5,-5,8.7,60,59,8,3,7.8,3.2,-5,-4.6,8.7
"17986423",2,60,59,8,3,7.8,3.2,-5,-4.6,8.7,59,54,8,3,8,3,-5,-5,8.7
"18097117",1,61,35,6.4,4.6,5,6,-1.8,1,7,62,35,7.2,3.8,6.4,4.6,-3.4,-1.8,6.6
"18097117",2,62,35,7.2,3.8,6.4,4.6,-3.4,-1.8,6.6,61,35,6.4,4.6,5,6,-1.8,1,7
"18284987",1,63,44,5.6,5.4,6.2,4.8,-0.199999999999999,-1.4,8.6,64,56,5.8,5.2,5.4,5.6,-0.6,0.199999999999999,9
"18284987",2,64,56,5.8,5.2,5.4,5.6,-0.6,0.199999999999999,9,63,44,5.6,5.4,6.2,4.8,-0.199999999999999,-1.4,8.6
"18324617",1,65,37,6.6,4.4,5.6,5.4,-2.2,-0.199999999999999,8.7,66,42,4.2,6.8,5,6,2.6,1,9
"18324617",2,66,42,4.2,6.8,5,6,2.6,1,9,65,37,6.6,4.4,5.6,5.4,-2.2,-0.199999999999999,8.7
"18756718",1,67,46,7.4,3.6,4.8,6.2,-3.8,1.4,8.2,68,46,6,5,5,6,-1,1,8.5
"18756718",2,68,46,6,5,5,6,-1,1,8.5,67,46,7.4,3.6,4.8,6.2,-3.8,1.4,8.2
"18785388",1,69,59,6.6,4.4,5,6,-2.2,1,8.5,70,57,5.6,5.4,6.2,4.8,-0.199999999999999,-1.4,8.8
"18785388",2,70,57,5.6,5.4,6.2,4.8,-0.199999999999999,-1.4,8.8,69,59,6.6,4.4,5,6,-2.2,1,8.5
"19323251",1,71,41,5.4,5.6,5,6,0.199999999999999,1,8.3,72,40,4.6,6.4,5.8,5.2,1.8,-0.6,8.9
"19323251",2,72,40,4.6,6.4,5.8,5.2,1.8,-0.6,8.9,71,41,5.4,5.6,5,6,0.199999999999999,1,8.3
"19733641",1,73,35,7.2,3.8,6.2,4.8,-3.4,-1.4,9,74,33,6.4,4.6,6.4,4.6,-1.8,-1.8,9
"19733641",2,74,33,6.4,4.6,6.4,4.6,-1.8,-1.8,9,73,35,7.2,3.8,6.2,4.8,-3.4,-1.4,9
"22536798",1,75,42,6.8,4.2,6.8,4.2,-2.6,-2.6,5.1,76,41,7,4,4.4,6.6,-3,2.2,5.2
"22536798",2,76,41,7,4,4.4,6.6,-3,2.2,5.2,75,42,6.8,4.2,6.8,4.2,-2.6,-2.6,5.1
"23712310",1,77,44,7,4,6,5,-3,-1,4.8,78,39,5.6,5.4,5.4,5.6,-0.199999999999999,0.199999999999999,5
"23712310",2,78,39,5.6,5.4,5.4,5.6,-0.199999999999999,0.199999999999999,5,77,44,7,4,6,5,-3,-1,4.8
"23782765",1,79,37,5.6,5.4,6.6,4.4,-0.199999999999999,-2.2,8.4,80,35,7.4,3.6,6.2,4.8,-3.8,-1.4,8.5
"23782765",2,80,35,7.4,3.6,6.2,4.8,-3.8,-1.4,8.5,79,37,5.6,5.4,6.6,4.4,-0.199999999999999,-2.2,8.4
"23799711",1,81,48,3.6,7.4,4.2,6.8,3.8,2.6,8,82,54,4,7,3.8,7.2,3,3.4,7.7
"23799711",2,82,54,4,7,3.8,7.2,3,3.4,7.7,81,48,3.6,7.4,4.2,6.8,3.8,2.6,8
"27005905",1,83,40,6.6,4.4,5,6,-2.2,1,8.9,84,40,7.6,3.4,6.2,4.8,-4.2,-1.4,8.4
"27005905",2,84,40,7.6,3.4,6.2,4.8,-4.2,-1.4,8.4,83,40,6.6,4.4,5,6,-2.2,1,8.9
"27311279",1,85,38,5.4,5.6,6.6,4.4,0.199999999999999,-2.2,,86,34,6.8,4.2,7.6,3.4,-2.6,-4.2,9
"27311279",2,86,34,6.8,4.2,7.6,3.4,-2.6,-4.2,9,85,38,5.4,5.6,6.6,4.4,0.199999999999999,-2.2,
"27511978",1,87,51,5.4,5.6,5,6,0.199999999999999,1,8.9,88,44,5.6,5.4,5.4,5.6,-0.199999999999999,0.199999999999999,9
"27511978",2,88,44,5.6,5.4,5.4,5.6,-0.199999999999999,0.199999999999999,9,87,51,5.4,5.6,5,6,0.199999999999999,1,8.9
"28021760",1,89,46,4.8,6.2,5.6,5.4,1.4,-0.199999999999999,7.6,90,49,6.2,4.8,4.4,6.6,-1.4,2.2,8.1
"28021760",2,90,49,6.2,4.8,4.4,6.6,-1.4,2.2,8.1,89,46,4.8,6.2,5.6,5.4,1.4,-0.199999999999999,7.6
"28947773",1,91,35,5.6,5.4,4.4,6.6,-0.199999999999999,2.2,8,92,31,5,6,5.4,5.6,1,0.199999999999999,8.4
"28947773",2,92,31,5,6,5.4,5.6,1,0.199999999999999,8.4,91,35,5.6,5.4,4.4,6.6,-0.199999999999999,2.2,8
"28992200",1,93,38,6.2,4.8,4.4,6.6,-1.4,2.2,6.2,94,39,5,6,7.8,3.2,1,-4.6,5.4
"28992200",2,94,39,5,6,7.8,3.2,1,-4.6,5.4,93,38,6.2,4.8,4.4,6.6,-1.4,2.2,6.2
"28992252",1,95,35,6.4,4.6,6.2,4.8,-1.8,-1.4,7.3,96,35,6,5,8,3,-1,-5,
"28992252",2,96,35,6,5,8,3,-1,-5,,95,35,6.4,4.6,6.2,4.8,-1.8,-1.4,7.3
"28993415",1,97,42,6.4,4.6,5.8,5.2,-1.8,-0.6,8.5,98,52,,,,,,,7.1
"28993415",2,98,52,,,,,,,7.1,97,42,6.4,4.6,5.8,5.2,-1.8,-0.6,8.5
"29008274",1,99,35,5.8,5.2,4.8,6.2,-0.6,1.4,5.4,100,35,7.6,3.4,4.4,6.6,-4.2,2.2,
"29008274",2,100,35,7.6,3.4,4.4,6.6,-4.2,2.2,,99,35,5.8,5.2,4.8,6.2,-0.6,1.4,5.4
"29008631",1,101,36,7,4,5.4,5.6,-3,0.199999999999999,8.5,102,33,5,6,5.6,5.4,1,-0.199999999999999,8.5
"29008631",2,102,33,5,6,5.6,5.4,1,-0.199999999999999,8.5,101,36,7,4,5.4,5.6,-3,0.199999999999999,8.5
"29014377",1,103,42,4.6,6.4,7.2,3.8,1.8,-3.4,7.5,104,51,6,5,5.2,5.8,-1,0.6,8.4
"29014377",2,104,51,6,5,5.2,5.8,-1,0.6,8.4,103,42,4.6,6.4,7.2,3.8,1.8,-3.4,7.5
"29027911",1,105,57,5.8,5.2,6.2,4.8,-0.6,-1.4,9,106,65,6.2,4.8,6.6,4.4,-1.4,-2.2,8.8
"29027911",2,106,65,6.2,4.8,6.6,4.4,-1.4,-2.2,8.8,105,57,5.8,5.2,6.2,4.8,-0.6,-1.4,9
"29029182",1,107,51,8,3,8,3,-5,-5,9,108,67,7.6,3.4,7.2,3.8,-4.2,-3.4,8.3
"29029182",2,108,67,7.6,3.4,7.2,3.8,-4.2,-3.4,8.3,107,51,8,3,8,3,-5,-5,9
"29070034",1,109,38,8,3,6.8,4.2,-5,-2.6,7.8,110,36,7,4,6,5,-3,-1,8.2
"29070034",2,110,36,7,4,6,5,-3,-1,8.2,109,38,8,3,6.8,4.2,-5,-2.6,7.8
"29077358",1,111,39,7.4,3.6,7.6,3.4,-3.8,-4.2,8.5,112,39,6.2,4.8,5.4,5.6,-1.4,0.199999999999999,8.4
"29077358",2,112,39,6.2,4.8,5.4,5.6,-1.4,0.199999999999999,8.4,111,39,7.4,3.6,7.6,3.4,-3.8,-4.2,8.5
"29080875",1,113,48,7.4,3.6,6,5,-3.8,-1,7.4,114,43,4.8,6.2,6.6,4.4,1.4,-2.2,7
"29080875",2,114,43,4.8,6.2,6.6,4.4,1.4,-2.2,7,113,48,7.4,3.6,6,5,-3.8,-1,7.4
"29083526",1,115,36,4.6,6.4,6.8,4.2,1.8,-2.6,6.2,116,36,7.8,3.2,5,6,-4.6,1,7.3
"29083526",2,116,36,7.8,3.2,5,6,-4.6,1,7.3,115,36,4.6,6.4,6.8,4.2,1.8,-2.6,6.2
"29090161",1,117,57,5.2,5.8,7.6,3.4,0.6,-4.2,7.8,118,60,8,3,8,3,-5,-5,8.1
"29090161",2,118,60,8,3,8,3,-5,-5,8.1,117,57,5.2,5.8,7.6,3.4,0.6,-4.2,7.8
"29108175",1,119,58,6.8,4.2,6.8,4.2,-2.6,-2.6,7.3,120,56,6.4,4.6,6.6,4.4,-1.8,-2.2,7.7
"29108175",2,120,56,6.4,4.6,6.6,4.4,-1.8,-2.2,7.7,119,58,6.8,4.2,6.8,4.2,-2.6,-2.6,7.3
"29113070",1,121,58,6.8,4.2,8,3,-2.6,-5,,122,57,8,3,7.2,3.8,-5,-3.4,8.5
"29113070",2,122,57,8,3,7.2,3.8,-5,-3.4,8.5,121,58,6.8,4.2,8,3,-2.6,-5,
"29120878",1,123,49,6.6,4.4,6.4,4.6,-2.2,-1.8,7.2,124,49,6.8,4.2,3.8,7.2,-2.6,3.4,9
"29120878",2,124,49,6.8,4.2,3.8,7.2,-2.6,3.4,9,123,49,6.6,4.4,6.4,4.6,-2.2,-1.8,7.2
"29169727",1,125,39,4.2,6.8,6.2,4.8,2.6,-1.4,7.4,126,47,5.2,5.8,6,5,0.6,-1,8.2
"29169727",2,126,47,5.2,5.8,6,5,0.6,-1,8.2,125,39,4.2,6.8,6.2,4.8,2.6,-1.4,7.4
"29169849",1,127,55,6.8,4.2,5.2,5.8,-2.6,0.6,8.1,128,59,6.2,4.8,4.8,6.2,-1.4,1.4,8.1
"29169849",2,128,59,6.2,4.8,4.8,6.2,-1.4,1.4,8.1,127,55,6.8,4.2,5.2,5.8,-2.6,0.6,8.1
"29186653",1,129,40,6.2,4.8,3.8,7.2,-1.4,3.4,8.4,130,41,5.2,5.8,4,7,0.6,3,8.9
"29186653",2,130,41,5.2,5.8,4,7,0.6,3,8.9,129,40,6.2,4.8,3.8,7.2,-1.4,3.4,8.4
"29187228",1,131,46,5.4,5.6,6.4,4.6,0.199999999999999,-1.8,7.2,132,46,4.4,6.6,3.8,7.2,2.2,3.4,7.7
"29187228",2,132,46,4.4,6.6,3.8,7.2,2.2,3.4,7.7,131,46,5.4,5.6,6.4,4.6,0.199999999999999,-1.8,7.2
"29196654",1,133,51,6.8,4.2,6.8,4.2,-2.6,-2.6,9,134,58,6.4,4.6,4.8,6.2,-1.8,1.4,8.6
"29196654",2,134,58,6.4,4.6,4.8,6.2,-1.8,1.4,8.6,133,51,6.8,4.2,6.8,4.2,-2.6,-2.6,9
"29226842",1,135,45,5.8,5.2,6.6,4.4,-0.6,-2.2,9,136,45,8,3,8,3,-5,-5,9
"29226842",2,136,45,8,3,8,3,-5,-5,9,135,45,5.8,5.2,6.6,4.4,-0.6,-2.2,9
"29237405",1,137,42,6.4,4.6,6.4,4.6,-1.8,-1.8,7.1,138,54,7.8,3.2,6,5,-4.6,-1,7.4
"29237405",2,138,54,7.8,3.2,6,5,-4.6,-1,7.4,137,42,6.4,4.6,6.4,4.6,-1.8,-1.8,7.1
"29251840",1,139,46,4.6,6.4,6.2,4.8,1.8,-1.4,5.9,140,46,5.6,5.4,5.4,5.6,-0.199999999999999,0.199999999999999,
"29251840",2,140,46,5.6,5.4,5.4,5.6,-0.199999999999999,0.199999999999999,,139,46,4.6,6.4,6.2,4.8,1.8,-1.4,5.9
"29258147",1,141,42,6.4,4.6,7.8,3.2,-1.8,-4.6,7.8,142,46,7.6,3.4,7.2,3.8,-4.2,-3.4,8.1
"29258147",2,142,46,7.6,3.4,7.2,3.8,-4.2,-3.4,8.1,141,42,6.4,4.6,7.8,3.2,-1.8,-4.6,7.8
"29273612",1,143,46,6.6,4.4,5.2,5.8,-2.2,0.6,8.8,144,54,6.4,4.6,4.4,6.6,-1.8,2.2,8.6
"29273612",2,144,54,6.4,4.6,4.4,6.6,-1.8,2.2,8.6,143,46,6.6,4.4,5.2,5.8,-2.2,0.6,8.8
"29273822",1,145,53,7.2,3.8,7,4,-3.4,-3,6.3,146,49,7,4,5.4,5.6,-3,0.199999999999999,6.8
"29273822",2,146,49,7,4,5.4,5.6,-3,0.199999999999999,6.8,145,53,7.2,3.8,7,4,-3.4,-3,6.3
"29275282",1,147,39,8,3,5.6,5.4,-5,-0.199999999999999,8.6,148,41,7.2,3.8,6,5,-3.4,-1,5.3
"29275282",2,148,41,7.2,3.8,6,5,-3.4,-1,5.3,147,39,8,3,5.6,5.4,-5,-0.199999999999999,8.6
"29276238",1,149,38,7,4,6,5,-3,-1,7.5,150,33,7,4,5.8,5.2,-3,-0.6,8.4
"29276238",2,150,33,7,4,5.8,5.2,-3,-0.6,8.4,149,38,7,4,6,5,-3,-1,7.5
"29281726",1,151,49,5.6,5.4,3.6,7.4,-0.199999999999999,3.8,9,152,51,6.4,4.6,6.2,4.8,-1.8,-1.4,8
"29281726",2,152,51,6.4,4.6,6.2,4.8,-1.8,-1.4,8,151,49,5.6,5.4,3.6,7.4,-0.199999999999999,3.8,9
"29291479",1,153,35,5.4,5.6,6.2,4.8,0.199999999999999,-1.4,5.6,154,35,7.2,3.8,4.2,6.8,-3.4,2.6,8.5
"29291479",2,154,35,7.2,3.8,4.2,6.8,-3.4,2.6,8.5,153,35,5.4,5.6,6.2,4.8,0.199999999999999,-1.4,5.6
"29302703",1,155,47,4.4,6.6,7,4,2.2,-3,4.5,156,43,7,4,4,7,-3,3,6.6
"29302703",2,156,43,7,4,4,7,-3,3,6.6,155,47,4.4,6.6,7,4,2.2,-3,4.5
"29319965",1,157,43,7,4,7.6,3.4,-3,-4.2,6.2,158,44,6.8,4.2,4.8,6.2,-2.6,1.4,7
"29319965",2,158,44,6.8,4.2,4.8,6.2,-2.6,1.4,7,157,43,7,4,7.6,3.4,-3,-4.2,6.2
"29322606",1,159,49,8,3,7,4,-5,-3,8.9,160,59,7.4,3.6,6,5,-3.8,-1,9
"29322606",2,160,59,7.4,3.6,6,5,-3.8,-1,9,159,49,8,3,7,4,-5,-3,8.9
"29346027",1,161,39,7,4,7.4,3.6,-3,-3.8,6.1,162,41,7.8,3.2,6,5,-4.6,-1,6.9
"29346027",2,162,41,7.8,3.2,6,5,-4.6,-1,6.9,161,39,7,4,7.4,3.6,-3,-3.8,6.1
"29356648",1,163,58,5,6,6,5,1,-1,9,164,60,6,5,6,5,-1,-1,9
"29356648",2,164,60,6,5,6,5,-1,-1,9,163,58,5,6,6,5,1,-1,9
"29358468",1,165,36,7.2,3.8,7.2,3.8,-3.4,-3.4,7.2,166,30,7.2,3.8,5.4,5.6,-3.4,0.199999999999999,8.4
"29358468",2,166,30,7.2,3.8,5.4,5.6,-3.4,0.199999999999999,8.4,165,36,7.2,3.8,7.2,3.8,-3.4,-3.4,7.2
"29398891",1,167,36,7,4,4.8,6.2,-3,1.4,8.6,168,30,5.2,5.8,4.2,6.8,0.6,2.6,8.7
"29398891",2,168,30,5.2,5.8,4.2,6.8,0.6,2.6,8.7,167,36,7,4,4.8,6.2,-3,1.4,8.6
"29434095",1,169,37,5.4,5.6,5.8,5.2,0.199999999999999,-0.6,,170,47,5,6,6.6,4.4,1,-2.2,
"29434095",2,170,47,5,6,6.6,4.4,1,-2.2,,169,37,5.4,5.6,5.8,5.2,0.199999999999999,-0.6,
"29447526",1,171,42,6.8,4.2,5.8,5.2,-2.6,-0.6,8,172,40,6.4,4.6,5.2,5.8,-1.8,0.6,8.2
"29447526",2,172,40,6.4,4.6,5.2,5.8,-1.8,0.6,8.2,171,42,6.8,4.2,5.8,5.2,-2.6,-0.6,8
"29457967",1,173,39,5.8,5.2,7.2,3.8,-0.6,-3.4,5.8,174,43,5.8,5.2,7.6,3.4,-0.6,-4.2,7.9
"29457967",2,174,43,5.8,5.2,7.6,3.4,-0.6,-4.2,7.9,173,39,5.8,5.2,7.2,3.8,-0.6,-3.4,5.8
"29459354",1,175,45,8,3,8,3,-5,-5,,176,49,7.2,3.8,8,3,-3.4,-5,8
"29459354",2,176,49,7.2,3.8,8,3,-3.4,-5,8,175,45,8,3,8,3,-5,-5,
"29469928",1,177,56,6.6,4.4,6.6,4.4,-2.2,-2.2,8.6,178,57,7.8,3.2,7.2,3.8,-4.6,-3.4,8.4
"29469928",2,178,57,7.8,3.2,7.2,3.8,-4.6,-3.4,8.4,177,56,6.6,4.4,6.6,4.4,-2.2,-2.2,8.6
"29472035",1,179,42,4.4,6.6,4.8,6.2,2.2,1.4,6.2,180,42,4.8,6.2,4.4,6.6,1.4,2.2,5.7
"29472035",2,180,42,4.8,6.2,4.4,6.6,1.4,2.2,5.7,179,42,4.4,6.6,4.8,6.2,2.2,1.4,6.2
"29486374",1,181,47,7,4,7.2,3.8,-3,-3.4,6.3,182,47,,,5.8,5.2,,-0.6,6.4
"29486374",2,182,47,,,5.8,5.2,,-0.6,6.4,181,47,7,4,7.2,3.8,-3,-3.4,6.3
"29493026",1,183,34,5,6,6.6,4.4,1,-2.2,7.9,184,36,6.8,4.2,5.8,5.2,-2.6,-0.6,7.5
"29493026",2,184,36,6.8,4.2,5.8,5.2,-2.6,-0.6,7.5,183,34,5,6,6.6,4.4,1,-2.2,7.9
"29508533",1,185,39,6,5,4.2,6.8,-1,2.6,5.5,186,49,6,5,5.2,5.8,-1,0.6,
"29508533",2,186,49,6,5,5.2,5.8,-1,0.6,,185,39,6,5,4.2,6.8,-1,2.6,5.5
"29526900",1,187,58,7.2,3.8,7,4,-3.4,-3,8.5,188,74,7.2,3.8,7,4,-3.4,-3,8.6
"29526900",2,188,74,7.2,3.8,7,4,-3.4,-3,8.6,187,58,7.2,3.8,7,4,-3.4,-3,8.5
"29532872",1,189,40,4,7,4.4,6.6,3,2.2,7.4,190,53,5.2,5.8,5.2,5.8,0.6,0.6,9
"29532872",2,190,53,5.2,5.8,5.2,5.8,0.6,0.6,9,189,40,4,7,4.4,6.6,3,2.2,7.4
"29536578",1,191,51,7.2,3.8,6.8,4.2,-3.4,-2.6,3.5,192,42,7.4,3.6,5.4,5.6,-3.8,0.199999999999999,5.1
"29536578",2,192,42,7.4,3.6,5.4,5.6,-3.8,0.199999999999999,5.1,191,51,7.2,3.8,6.8,4.2,-3.4,-2.6,3.5
"29559028",1,193,39,5.2,5.8,5.4,5.6,0.6,0.199999999999999,6.6,194,42,5,6,4.8,6.2,1,1.4,6.3
"29559028",2,194,42,5,6,4.8,6.2,1,1.4,6.3,193,39,5.2,5.8,5.4,5.6,0.6,0.199999999999999,6.6
"29577345",1,195,41,6,5,7.2,3.8,-1,-3.4,8.4,196,43,6,5,5.2,5.8,-1,0.6,8.6
"29577345",2,196,43,6,5,5.2,5.8,-1,0.6,8.6,195,41,6,5,7.2,3.8,-1,-3.4,8.4
"29579556",1,197,36,3.8,7.2,6,5,3.4,-1,8.4,198,41,6.2,4.8,5.8,5.2,-1.4,-0.6,8.6
"29579556",2,198,41,6.2,4.8,5.8,5.2,-1.4,-0.6,8.6,197,36,3.8,7.2,6,5,3.4,-1,8.4
"29597452",1,199,41,4,7,6.2,4.8,3,-1.4,8,200,43,4,7,3,8,3,5,8.1
"29597452",2,200,43,4,7,3,8,3,5,8.1,199,41,4,7,6.2,4.8,3,-1.4,8
"29601472",1,201,36,6.2,4.8,7.8,3.2,-1.4,-4.6,8.8,202,39,8,3,5,6,-5,1,8.6
"29601472",2,202,39,8,3,5,6,-5,1,8.6,201,36,6.2,4.8,7.8,3.2,-1.4,-4.6,8.8
"29622262",1,203,57,5.4,5.6,4.8,6.2,0.199999999999999,1.4,9,204,57,5.2,5.8,5.2,5.8,0.6,0.6,9
"29622262",2,204,57,5.2,5.8,5.2,5.8,0.6,0.6,9,203,57,5.4,5.6,4.8,6.2,0.199999999999999,1.4,9
"29636672",1,205,49,5.6,5.4,7,4,-0.199999999999999,-3,8.1,206,51,7,4,7,4,-3,-3,8.3
"29636672",2,206,51,7,4,7,4,-3,-3,8.3,205,49,5.6,5.4,7,4,-0.199999999999999,-3,8.1
"29647555",1,207,54,7.4,3.6,7,4,-3.8,-3,2.9,208,56,8,3,6.6,4.4,-5,-2.2,4.1
"29647555",2,208,56,8,3,6.6,4.4,-5,-2.2,4.1,207,54,7.4,3.6,7,4,-3.8,-3,2.9
"29648648",1,209,50,4.4,6.6,6.2,4.8,2.2,-1.4,5,210,48,4.2,6.8,5.2,5.8,2.6,0.6,5.1
"29648648",2,210,48,4.2,6.8,5.2,5.8,2.6,0.6,5.1,209,50,4.4,6.6,6.2,4.8,2.2,-1.4,5
"29650679",1,211,37,5.4,5.6,5.6,5.4,0.199999999999999,-0.199999999999999,8.2,212,39,5.4,5.6,4.8,6.2,0.199999999999999,1.4,8.2
"29650679",2,212,39,5.4,5.6,4.8,6.2,0.199999999999999,1.4,8.2,211,37,5.4,5.6,5.6,5.4,0.199999999999999,-0.199999999999999,8.2
"29655905",1,213,48,5.6,5.4,6.2,4.8,-0.199999999999999,-1.4,8.8,214,53,5.4,5.6,5.4,5.6,0.199999999999999,0.199999999999999,8.4
"29655905",2,214,53,5.4,5.6,5.4,5.6,0.199999999999999,0.199999999999999,8.4,213,48,5.6,5.4,6.2,4.8,-0.199999999999999,-1.4,8.8
"29670187",1,215,46,6.8,4.2,4.8,6.2,-2.6,1.4,8.4,216,52,4.2,6.8,6.4,4.6,2.6,-1.8,9
"29670187",2,216,52,4.2,6.8,6.4,4.6,2.6,-1.8,9,215,46,6.8,4.2,4.8,6.2,-2.6,1.4,8.4
"29675494",1,217,50,6.8,4.2,6.8,4.2,-2.6,-2.6,6.1,218,47,7.8,3.2,8,3,-4.6,-5,6.4
"29675494",2,218,47,7.8,3.2,8,3,-4.6,-5,6.4,217,50,6.8,4.2,6.8,4.2,-2.6,-2.6,6.1
"29676367",1,219,42,5,6,5.6,5.4,1,-0.199999999999999,8.6,220,40,5.4,5.6,4,7,0.199999999999999,3,8.6
"29676367",2,220,40,5.4,5.6,4,7,0.199999999999999,3,8.6,219,42,5,6,5.6,5.4,1,-0.199999999999999,8.6
"29679706",1,221,53,5.6,5.4,4.6,6.4,-0.199999999999999,1.8,1.7,222,55,6.8,4.2,6.8,4.2,-2.6,-2.6,1
"29679706",2,222,55,6.8,4.2,6.8,4.2,-2.6,-2.6,1,221,53,5.6,5.4,4.6,6.4,-0.199999999999999,1.8,1.7
"29711478",1,223,50,6.8,4.2,5.8,5.2,-2.6,-0.6,8,224,51,6.4,4.6,5.4,5.6,-1.8,0.199999999999999,8.1
"29711478",2,224,51,6.4,4.6,5.4,5.6,-1.8,0.199999999999999,8.1,223,50,6.8,4.2,5.8,5.2,-2.6,-0.6,8
"29725014",1,225,43,4.8,6.2,7.6,3.4,1.4,-4.2,8.2,226,42,4.8,6.2,6.6,4.4,1.4,-2.2,7.8
"29725014",2,226,42,4.8,6.2,6.6,4.4,1.4,-2.2,7.8,225,43,4.8,6.2,7.6,3.4,1.4,-4.2,8.2
"29725200",1,227,58,5.6,5.4,5.4,5.6,-0.199999999999999,0.199999999999999,7.2,228,54,6.6,4.4,6.6,4.4,-2.2,-2.2,5
"29725200",2,228,54,6.6,4.4,6.6,4.4,-2.2,-2.2,5,227,58,5.6,5.4,5.4,5.6,-0.199999999999999,0.199999999999999,7.2
"29727375",1,229,40,5,6,5.8,5.2,1,-0.6,7.2,230,39,6.2,4.8,6.6,4.4,-1.4,-2.2,7.9
"29727375",2,230,39,6.2,4.8,6.6,4.4,-1.4,-2.2,7.9,229,40,5,6,5.8,5.2,1,-0.6,7.2
"29733249",1,231,40,6.6,4.4,6.8,4.2,-2.2,-2.6,6.7,232,40,6.6,4.4,5.4,5.6,-2.2,0.199999999999999,6.6
"29733249",2,232,40,6.6,4.4,5.4,5.6,-2.2,0.199999999999999,6.6,231,40,6.6,4.4,6.8,4.2,-2.2,-2.6,6.7
"29733973",1,233,43,8,3,5.2,5.8,-5,0.6,6.5,234,39,5.8,5.2,7.4,3.6,-0.6,-3.8,7.9
"29733973",2,234,39,5.8,5.2,7.4,3.6,-0.6,-3.8,7.9,233,43,8,3,5.2,5.8,-5,0.6,6.5
"29736251",1,235,43,5.6,5.4,5.8,5.2,-0.199999999999999,-0.6,5.8,236,38,5,6,6,5,1,-1,7
"29736251",2,236,38,5,6,6,5,1,-1,7,235,43,5.6,5.4,5.8,5.2,-0.199999999999999,-0.6,5.8
"29751672",1,237,53,7,4,5,6,-3,1,6.8,238,60,6.4,4.6,6,5,-1.8,-1,
"29751672",2,238,60,6.4,4.6,6,5,-1.8,-1,,237,53,7,4,5,6,-3,1,6.8
"29752580",1,239,56,7.2,3.8,3.6,7.4,-3.4,3.8,5.8,240,57,5.4,5.6,6.8,4.2,0.199999999999999,-2.6,7
"29752580",2,240,57,5.4,5.6,6.8,4.2,0.199999999999999,-2.6,7,239,56,7.2,3.8,3.6,7.4,-3.4,3.8,5.8
"29758869",1,241,35,7,4,7,4,-3,-3,8.2,242,40,6.8,4.2,5.6,5.4,-2.6,-0.199999999999999,7.9
"29758869",2,242,40,6.8,4.2,5.6,5.4,-2.6,-0.199999999999999,7.9,241,35,7,4,7,4,-3,-3,8.2
"29759818",1,243,45,5.2,5.8,6.8,4.2,0.6,-2.6,7,244,54,6.6,4.4,4.8,6.2,-2.2,1.4,7.8
"29759818",2,244,54,6.6,4.4,4.8,6.2,-2.2,1.4,7.8,243,45,5.2,5.8,6.8,4.2,0.6,-2.6,7
"29775425",1,245,52,4.2,6.8,3.6,7.4,2.6,3.8,7.1,246,39,6,5,6.6,4.4,-1,-2.2,6.9
"29775425",2,246,39,6,5,6.6,4.4,-1,-2.2,6.9,245,52,4.2,6.8,3.6,7.4,2.6,3.8,7.1
"29778230",1,247,50,7,4,7.2,3.8,-3,-3.4,8.1,248,53,7.4,3.6,4.8,6.2,-3.8,1.4,8.4
"29778230",2,248,53,7.4,3.6,4.8,6.2,-3.8,1.4,8.4,247,50,7,4,7.2,3.8,-3,-3.4,8.1
"29779946",1,249,59,6.4,4.6,6,5,-1.8,-1,8.8,250,61,7.2,3.8,5.2,5.8,-3.4,0.6,8.5
"29779946",2,250,61,7.2,3.8,5.2,5.8,-3.4,0.6,8.5,249,59,6.4,4.6,6,5,-1.8,-1,8.8
"29793807",1,251,51,6.2,4.8,5.4,5.6,-1.4,0.199999999999999,8.8,252,52,6.6,4.4,5.6,5.4,-2.2,-0.199999999999999,
"29793807",2,252,52,6.6,4.4,5.6,5.4,-2.2,-0.199999999999999,,251,51,6.2,4.8,5.4,5.6,-1.4,0.199999999999999,8.8
"29795327",1,253,54,6.6,4.4,5.2,5.8,-2.2,0.6,6,254,54,7.2,3.8,6,5,-3.4,-1,8.1
"29795327",2,254,54,7.2,3.8,6,5,-3.4,-1,8.1,253,54,6.6,4.4,5.2,5.8,-2.2,0.6,6
"29802428",1,255,59,5.2,5.8,7,4,0.6,-3,8.9,256,57,7.8,3.2,7.2,3.8,-4.6,-3.4,9
"29802428",2,256,57,7.8,3.2,7.2,3.8,-4.6,-3.4,9,255,59,5.2,5.8,7,4,0.6,-3,8.9
"29811081",1,257,34,4,7,4.2,6.8,3,2.6,9,258,33,4.8,6.2,3,8,1.4,5,9
"29811081",2,258,33,4.8,6.2,3,8,1.4,5,9,257,34,4,7,4.2,6.8,3,2.6,9
"31142588",1,259,48,6,5,4.6,6.4,-1,1.8,9,260,50,7.6,3.4,6,5,-4.2,-1,9
"31142588",2,260,50,7.6,3.4,6,5,-4.2,-1,9,259,48,6,5,4.6,6.4,-1,1.8,9
"31232445",1,261,35,5.8,5.2,5.2,5.8,-0.6,0.6,8.2,262,38,6.2,4.8,6.4,4.6,-1.4,-1.8,1.4
"31232445",2,262,38,6.2,4.8,6.4,4.6,-1.4,-1.8,1.4,261,35,5.8,5.2,5.2,5.8,-0.6,0.6,8.2
"31256405",1,263,49,6.4,4.6,5.8,5.2,-1.8,-0.6,5.8,264,45,7.2,3.8,7.4,3.6,-3.4,-3.8,3.6
"31256405",2,264,45,7.2,3.8,7.4,3.6,-3.4,-3.8,3.6,263,49,6.4,4.6,5.8,5.2,-1.8,-0.6,5.8
"31423023",1,265,52,6.4,4.6,5.2,5.8,-1.8,0.6,8.1,266,53,5.6,5.4,6.2,4.8,-0.199999999999999,-1.4,8.6
"31423023",2,266,53,5.6,5.4,6.2,4.8,-0.199999999999999,-1.4,8.6,265,52,6.4,4.6,5.2,5.8,-1.8,0.6,8.1
"31455950",1,267,36,7.8,3.2,6.2,4.8,-4.6,-1.4,8.8,268,41,5.6,5.4,5,6,-0.199999999999999,1,8.8
"31455950",2,268,41,5.6,5.4,5,6,-0.199999999999999,1,8.8,267,36,7.8,3.2,6.2,4.8,-4.6,-1.4,8.8
"31471311",1,269,33,7.2,3.8,6,5,-3.4,-1,6.7,270,38,4.4,6.6,5.2,5.8,2.2,0.6,7
"31471311",2,270,38,4.4,6.6,5.2,5.8,2.2,0.6,7,269,33,7.2,3.8,6,5,-3.4,-1,6.7
"31635308",1,271,41,5,6,5.2,5.8,1,0.6,8.6,272,37,6.4,4.6,5.4,5.6,-1.8,0.199999999999999,9
"31635308",2,272,37,6.4,4.6,5.4,5.6,-1.8,0.199999999999999,9,271,41,5,6,5.2,5.8,1,0.6,8.6
"31764329",1,273,38,4.6,6.4,6,5,1.8,-1,6.8,274,38,6,5,6.2,4.8,-1,-1.4,
"31764329",2,274,38,6,5,6.2,4.8,-1,-1.4,,273,38,4.6,6.4,6,5,1.8,-1,6.8
"31822775",1,275,36,4.4,6.6,,,2.2,,6.1,276,43,,,5.2,5.8,,0.6,7.8
"31822775",2,276,43,,,5.2,5.8,,0.6,7.8,275,36,4.4,6.6,,,2.2,,6.1
"31848482",1,277,37,6.4,4.6,5.6,5.4,-1.8,-0.199999999999999,7.5,278,39,4.8,6.2,6.2,4.8,1.4,-1.4,7.2
"31848482",2,278,39,4.8,6.2,6.2,4.8,1.4,-1.4,7.2,277,37,6.4,4.6,5.6,5.4,-1.8,-0.199999999999999,7.5
"31904581",1,279,45,5.8,5.2,6.4,4.6,-0.6,-1.8,7.5,280,45,5.6,5.4,6.4,4.6,-0.199999999999999,-1.8,7.4
"31904581",2,280,45,5.6,5.4,6.4,4.6,-0.199999999999999,-1.8,7.4,279,45,5.8,5.2,6.4,4.6,-0.6,-1.8,7.5
"32021977",1,281,39,5.4,5.6,5.8,5.2,0.199999999999999,-0.6,7.9,282,38,7,4,,,-3,,8.7
"32021977",2,282,38,7,4,,,-3,,8.7,281,39,5.4,5.6,5.8,5.2,0.199999999999999,-0.6,7.9
"32048295",1,283,53,3,8,6.4,4.6,5,-1.8,,284,64,7.2,3.8,5.8,5.2,-3.4,-0.6,7
"32048295",2,284,64,7.2,3.8,5.8,5.2,-3.4,-0.6,7,283,53,3,8,6.4,4.6,5,-1.8,
"32134573",1,285,40,5.6,5.4,4.4,6.6,-0.199999999999999,2.2,8,286,40,6.4,4.6,5.4,5.6,-1.8,0.199999999999999,8.4
"32134573",2,286,40,6.4,4.6,5.4,5.6,-1.8,0.199999999999999,8.4,285,40,5.6,5.4,4.4,6.6,-0.199999999999999,2.2,8
"32166157",1,287,43,7.6,3.4,6.8,4.2,-4.2,-2.6,8.2,288,48,6.8,4.2,3.8,7.2,-2.6,3.4,7.8
"32166157",2,288,48,6.8,4.2,3.8,7.2,-2.6,3.4,7.8,287,43,7.6,3.4,6.8,4.2,-4.2,-2.6,8.2
"32585631",1,289,53,7.8,3.2,5.2,5.8,-4.6,0.6,8.5,290,50,,,,,,,8.3
"32585631",2,290,50,,,,,,,8.3,289,53,7.8,3.2,5.2,5.8,-4.6,0.6,8.5
"32837451",1,291,52,5.6,5.4,4.4,6.6,-0.199999999999999,2.2,8.1,292,57,4.8,6.2,6.8,4.2,1.4,-2.6,8.4
"32837451",2,292,57,4.8,6.2,6.8,4.2,1.4,-2.6,8.4,291,52,5.6,5.4,4.4,6.6,-0.199999999999999,2.2,8.1
"32893460",1,293,51,8,3,7.4,3.6,-5,-3.8,2.2,294,52,4.4,6.6,7.6,3.4,2.2,-4.2,1.6
"32893460",2,294,52,4.4,6.6,7.6,3.4,2.2,-4.2,1.6,293,51,8,3,7.4,3.6,-5,-3.8,2.2
"32939460",1,295,37,4.6,6.4,7.2,3.8,1.8,-3.4,8.7,296,26,5.8,5.2,5.2,5.8,-0.6,0.6,8.7
"32939460",2,296,26,5.8,5.2,5.2,5.8,-0.6,0.6,8.7,295,37,4.6,6.4,7.2,3.8,1.8,-3.4,8.7
"32997534",1,297,39,8,3,7.6,3.4,-5,-4.2,6.1,298,39,5.8,5.2,5,6,-0.6,1,2.9
"32997534",2,298,39,5.8,5.2,5,6,-0.6,1,2.9,297,39,8,3,7.6,3.4,-5,-4.2,6.1
"33046177",1,299,54,7,4,7.2,3.8,-3,-3.4,9,300,54,5.4,5.6,5.6,5.4,0.199999999999999,-0.199999999999999,8.7
"33046177",2,300,54,5.4,5.6,5.6,5.4,0.199999999999999,-0.199999999999999,8.7,299,54,7,4,7.2,3.8,-3,-3.4,9
"33094797",1,301,56,,,,,,,6.3,302,52,,,,,,,6.9
"33094797",2,302,52,,,,,,,6.9,301,56,,,,,,,6.3
"33170169",1,303,49,6.4,4.6,5,6,-1.8,1,7.7,304,54,6.2,4.8,,,-1.4,,8.2
"33170169",2,304,54,6.2,4.8,,,-1.4,,8.2,303,49,6.4,4.6,5,6,-1.8,1,7.7
"33257597",1,305,48,4.8,6.2,7.2,3.8,1.4,-3.4,5.5,306,46,5.2,5.8,5.6,5.4,0.6,-0.199999999999999,6.7
"33257597",2,306,46,5.2,5.8,5.6,5.4,0.6,-0.199999999999999,6.7,305,48,4.8,6.2,7.2,3.8,1.4,-3.4,5.5
"33275392",1,307,35,5.8,5.2,6.6,4.4,-0.6,-2.2,8.3,308,35,5.8,5.2,5.6,5.4,-0.6,-0.199999999999999,8.7
"33275392",2,308,35,5.8,5.2,5.6,5.4,-0.6,-0.199999999999999,8.7,307,35,5.8,5.2,6.6,4.4,-0.6,-2.2,8.3
"33303114",1,309,51,6.2,4.8,6.2,4.8,-1.4,-1.4,4.9,310,45,5.6,5.4,3.6,7.4,-0.199999999999999,3.8,5.9
"33303114",2,310,45,5.6,5.4,3.6,7.4,-0.199999999999999,3.8,5.9,309,51,6.2,4.8,6.2,4.8,-1.4,-1.4,4.9
"33315985",1,311,50,8,3,7.2,3.8,-5,-3.4,7.3,312,48,7.8,3.2,7.6,3.4,-4.6,-4.2,8.1
"33315985",2,312,48,7.8,3.2,7.6,3.4,-4.6,-4.2,8.1,311,50,8,3,7.2,3.8,-5,-3.4,7.3
"33548752",1,313,41,6.6,4.4,5.2,5.8,-2.2,0.6,6.8,314,41,6,5,5.2,5.8,-1,0.6,7.8
"33548752",2,314,41,6,5,5.2,5.8,-1,0.6,7.8,313,41,6.6,4.4,5.2,5.8,-2.2,0.6,6.8
"33559952",1,315,35,5.4,5.6,5.2,5.8,0.199999999999999,0.6,7.8,316,38,4.2,6.8,6,5,2.6,-1,7.4
"33559952",2,316,38,4.2,6.8,6,5,2.6,-1,7.4,315,35,5.4,5.6,5.2,5.8,0.199999999999999,0.6,7.8
"33642604",1,317,40,4.8,6.2,6.8,4.2,1.4,-2.6,7.7,318,40,6.2,4.8,3.8,7.2,-1.4,3.4,7.4
"33642604",2,318,40,6.2,4.8,3.8,7.2,-1.4,3.4,7.4,317,40,4.8,6.2,6.8,4.2,1.4,-2.6,7.7
"33666277",1,319,58,4.8,6.2,3.8,7.2,1.4,3.4,7,320,60,7.2,3.8,5,6,-3.4,1,8.6
"33666277",2,320,60,7.2,3.8,5,6,-3.4,1,8.6,319,58,4.8,6.2,3.8,7.2,1.4,3.4,7
"33672471",1,321,41,6,5,6,5,-1,-1,7.9,322,41,6,5,,,-1,,
"33672471",2,322,41,6,5,,,-1,,,321,41,6,5,6,5,-1,-1,7.9
"33676931",1,323,56,7.6,3.4,8,3,-4.2,-5,8.3,324,56,7.6,3.4,7.6,3.4,-4.2,-4.2,8.1
"33676931",2,324,56,7.6,3.4,7.6,3.4,-4.2,-4.2,8.1,323,56,7.6,3.4,8,3,-4.2,-5,8.3
"33701176",1,325,40,6,5,5,6,-1,1,8.2,326,38,6.2,4.8,5.4,5.6,-1.4,0.199999999999999,5.8
"33701176",2,326,38,6.2,4.8,5.4,5.6,-1.4,0.199999999999999,5.8,325,40,6,5,5,6,-1,1,8.2
"33703379",1,327,37,6.8,4.2,6.4,4.6,-2.6,-1.8,7.1,328,40,7,4,8,3,-3,-5,7.8
"33703379",2,328,40,7,4,8,3,-3,-5,7.8,327,37,6.8,4.2,6.4,4.6,-2.6,-1.8,7.1
"33703455",1,329,52,7.8,3.2,5.8,5.2,-4.6,-0.6,8.3,330,50,5.8,5.2,5.6,5.4,-0.6,-0.199999999999999,7.8
"33703455",2,330,50,5.8,5.2,5.6,5.4,-0.6,-0.199999999999999,7.8,329,52,7.8,3.2,5.8,5.2,-4.6,-0.6,8.3
"33706512",1,331,35,7.4,3.6,5.2,5.8,-3.8,0.6,8.6,332,34,5.8,5.2,5,6,-0.6,1,8
"33706512",2,332,34,5.8,5.2,5,6,-0.6,1,8,331,35,7.4,3.6,5.2,5.8,-3.8,0.6,8.6
"33711537",1,333,42,6.8,4.2,7.2,3.8,-2.6,-3.4,8.6,334,37,5.6,5.4,6.8,4.2,-0.199999999999999,-2.6,8.5
"33711537",2,334,37,5.6,5.4,6.8,4.2,-0.199999999999999,-2.6,8.5,333,42,6.8,4.2,7.2,3.8,-2.6,-3.4,8.6
"33711907",1,335,35,6.6,4.4,6,5,-2.2,-1,8.3,336,36,6.8,4.2,6,5,-2.6,-1,9
"33711907",2,336,36,6.8,4.2,6,5,-2.6,-1,9,335,35,6.6,4.4,6,5,-2.2,-1,8.3
"33718812",1,337,47,7.2,3.8,4.4,6.6,-3.4,2.2,,338,38,5.4,5.6,4.8,6.2,0.199999999999999,1.4,9
"33718812",2,338,38,5.4,5.6,4.8,6.2,0.199999999999999,1.4,9,337,47,7.2,3.8,4.4,6.6,-3.4,2.2,
"33728504",1,339,58,7.4,3.6,8,3,-3.8,-5,8.2,340,59,,,,,,,
"33728504",2,340,59,,,,,,,,339,58,7.4,3.6,8,3,-3.8,-5,8.2
"33732206",1,341,59,,,,,,,5.4,342,62,,,,,,,5.3
"33732206",2,342,62,,,,,,,5.3,341,59,,,,,,,5.4
"33735326",1,343,49,5.6,5.4,6.4,4.6,-0.199999999999999,-1.8,6.7,344,41,3.8,7.2,4.2,6.8,3.4,2.6,6.5
"33735326",2,344,41,3.8,7.2,4.2,6.8,3.4,2.6,6.5,343,49,5.6,5.4,6.4,4.6,-0.199999999999999,-1.8,6.7
"33735733",1,345,43,5.8,5.2,5.2,5.8,-0.6,0.6,6.9,346,44,,,,,,,2.5
"33735733",2,346,44,,,,,,,2.5,345,43,5.8,5.2,5.2,5.8,-0.6,0.6,6.9
