"Dyad_ID","partnum","X_A","gender_A","self_object_appearance_A","self_object_ability_A","other_object_appearance_A","other_object_ability_A","self_object.tavg_A","other_object.tavg_A","relation_qual.avg_A","X_P","gender_P","self_object_appearance_P","self_object_ability_P","other_object_appearance_P","other_object_ability_P","self_object.tavg_P","other_object.tavg_P","relation_qual.avg_P"
"377033",1,1,0,3.6,7.4,3.4,7.6,3.8,4.2,,2,1,7.4,3.6,5.4,5.6,-3.8,0.199999999999999,
"377033",2,2,1,7.4,3.6,5.4,5.6,-3.8,0.199999999999999,,1,0,3.6,7.4,3.4,7.6,3.8,4.2,
"737834",1,3,0,7.2,3.8,7.8,3.2,-3.4,-4.6,6,4,1,6.8,4.2,6,5,-2.6,-1,7.5
"737834",2,4,1,6.8,4.2,6,5,-2.6,-1,7.5,3,0,7.2,3.8,7.8,3.2,-3.4,-4.6,6
"919757",1,5,0,3.8,7.2,6.2,4.8,3.4,-1.4,8.4,6,1,4.4,6.6,4,7,2.2,3,8.8
"919757",2,6,1,4.4,6.6,4,7,2.2,3,8.8,5,0,3.8,7.2,6.2,4.8,3.4,-1.4,8.4
"938324",1,7,0,4.8,6.2,6,5,1.4,-1,8.5,8,1,7.4,3.6,5,6,-3.8,1,8.5
"938324",2,8,1,7.4,3.6,5,6,-3.8,1,8.5,7,0,4.8,6.2,6,5,1.4,-1,8.5
"1063439",1,9,0,8,3,7.2,3.8,-5,-3.4,,10,1,6.4,4.6,6.6,4.4,-1.8,-2.2,
"1063439",2,10,1,6.4,4.6,6.6,4.4,-1.8,-2.2,,9,0,8,3,7.2,3.8,-5,-3.4,
"1151456",1,11,0,5.6,5.4,7.4,3.6,-0.199999999999999,-3.8,8.7,12,1,7,4,5.2,5.8,-3,0.6,8.8
"1151456",2,12,1,7,4,5.2,5.8,-3,0.6,8.8,11,0,5.6,5.4,7.4,3.6,-0.199999999999999,-3.8,8.7
"1213424",1,13,1,7.4,3.6,6.6,4.4,-3.8,-2.2,7.1,14,0,5,6,6,5,1,-1,5.8
"1213424",2,14,0,5,6,6,5,1,-1,5.8,13,1,7.4,3.6,6.6,4.4,-3.8,-2.2,7.1
"1215551",1,15,0,6.4,4.6,5.6,5.4,-1.8,-0.199999999999999,4.5,16,1,6.6,4.4,7.4,3.6,-2.2,-3.8,
"1215551",2,16,1,6.6,4.4,7.4,3.6,-2.2,-3.8,,15,0,6.4,4.6,5.6,5.4,-1.8,-0.199999999999999,4.5
"1534532",1,17,0,6.8,4.2,5.4,5.6,-2.6,0.199999999999999,4.8,18,1,5.6,5.4,3.8,7.2,-0.199999999999999,3.4,6.2
"1534532",2,18,1,5.6,5.4,3.8,7.2,-0.199999999999999,3.4,6.2,17,0,6.8,4.2,5.4,5.6,-2.6,0.199999999999999,4.8
"1796138",1,19,1,6.8,4.2,6.4,4.6,-2.6,-1.8,5.4,20,0,4.2,6.8,4.6,6.4,2.6,1.8,4.8
"1796138",2,20,0,4.2,6.8,4.6,6.4,2.6,1.8,4.8,19,1,6.8,4.2,6.4,4.6,-2.6,-1.8,5.4
"1836239",1,21,1,7.8,3.2,5.2,5.8,-4.6,0.6,7.1,22,0,5,6,5.8,5.2,1,-0.6,8.5
"1836239",2,22,0,5,6,5.8,5.2,1,-0.6,8.5,21,1,7.8,3.2,5.2,5.8,-4.6,0.6,7.1
"2048975",1,23,1,5.8,5.2,4.8,6.2,-0.6,1.4,7.2,24,0,5.6,5.4,7,4,-0.199999999999999,-3,7
"2048975",2,24,0,5.6,5.4,7,4,-0.199999999999999,-3,7,23,1,5.8,5.2,4.8,6.2,-0.6,1.4,7.2
"2192258",1,25,0,5.6,5.4,7.6,3.4,-0.199999999999999,-4.2,5.7,26,1,7.8,3.2,6.6,4.4,-4.6,-2.2,6.2
"2192258",2,26,1,7.8,3.2,6.6,4.4,-4.6,-2.2,6.2,25,0,5.6,5.4,7.6,3.4,-0.199999999999999,-4.2,5.7
"2262764",1,27,0,6.4,4.6,6.6,4.4,-1.8,-2.2,8.4,28,1,7.6,3.4,5.4,5.6,-4.2,0.199999999999999,8.7
"2262764",2,28,1,7.6,3.4,5.4,5.6,-4.2,0.199999999999999,8.7,27,0,6.4,4.6,6.6,4.4,-1.8,-2.2,8.4
"4052115",1,29,0,6.6,4.4,6,5,-2.2,-1,8.4,30,1,6.6,4.4,4.2,6.8,-2.2,2.6,8.4
"4052115",2,30,1,6.6,4.4,4.2,6.8,-2.2,2.6,8.4,29,0,6.6,4.4,6,5,-2.2,-1,8.4
"4292443",1,31,0,5,6,5.6,5.4,1,-0.199999999999999,7,32,1,5.8,5.2,6.2,4.8,-0.6,-1.4,6.3
"4292443",2,32,1,5.8,5.2,6.2,4.8,-0.6,-1.4,6.3,31,0,5,6,5.6,5.4,1,-0.199999999999999,7
"4593178",1,33,0,5.2,5.8,5.8,5.2,0.6,-0.6,8,34,1,6,5,4.6,6.4,-1,1.8,7.9
"4593178",2,34,1,6,5,4.6,6.4,-1,1.8,7.9,33,0,5.2,5.8,5.8,5.2,0.6,-0.6,8
"5339697",1,35,1,5.2,5.8,6,5,0.6,-1,8,36,0,6.4,4.6,7.6,3.4,-1.8,-4.2,8.7
"5339697",2,36,0,6.4,4.6,7.6,3.4,-1.8,-4.2,8.7,35,1,5.2,5.8,6,5,0.6,-1,8
"6359824",1,37,0,7.2,3.8,6.6,4.4,-3.4,-2.2,6.8,38,1,6.8,4.2,5.8,5.2,-2.6,-0.6,8.4
"6359824",2,38,1,6.8,4.2,5.8,5.2,-2.6,-0.6,8.4,37,0,7.2,3.8,6.6,4.4,-3.4,-2.2,6.8
"6894072",1,39,0,6.4,4.6,5.2,5.8,-1.8,0.6,8.3,40,1,4.6,6.4,5.4,5.6,1.8,0.199999999999999,4.7
"6894072",2,40,1,4.6,6.4,5.4,5.6,1.8,0.199999999999999,4.7,39,0,6.4,4.6,5.2,5.8,-1.8,0.6,8.3
"7403083",1,41,0,5.6,5.4,5,6,-0.199999999999999,1,4.5,42,1,4.4,6.6,6,5,2.2,-1,5
"7403083",2,42,1,4.4,6.6,6,5,2.2,-1,5,41,0,5.6,5.4,5,6,-0.199999999999999,1,4.5
"10211595",1,43,0,6.8,4.2,5.8,5.2,-2.6,-0.6,5.1,44,1,5.8,5.2,6.8,4.2,-0.6,-2.6,6.5
"10211595",2,44,1,5.8,5.2,6.8,4.2,-0.6,-2.6,6.5,43,0,6.8,4.2,5.8,5.2,-2.6,-0.6,5.1
"14872733",1,45,0,7.4,3.6,8,3,-3.8,-5,7.6,46,1,7.2,3.8,4,7,-3.4,3,7.2
"14872733",2,46,1,7.2,3.8,4,7,-3.4,3,7.2,45,0,7.4,3.6,8,3,-3.8,-5,7.6
"15149174",1,47,1,6.2,4.8,6.2,4.8,-1.4,-1.4,7.3,48,0,6,5,6.2,4.8,-1,-1.4,7.3
"15149174",2,48,0,6,5,6.2,4.8,-1,-1.4,7.3,47,1,6.2,4.8,6.2,4.8,-1.4,-1.4,7.3
"15892965",1,49,0,6.2,4.8,3.8,7.2,-1.4,3.4,7.8,50,1,,,,,,,6
"15892965",2,50,1,,,,,,,6,49,0,6.2,4.8,3.8,7.2,-1.4,3.4,7.8
"16244806",1,51,0,7,4,4.8,6.2,-3,1.4,9,52,1,4.4,6.6,4.6,6.4,2.2,1.8,8.7
"16244806",2,52,1,4.4,6.6,4.6,6.4,2.2,1.8,8.7,51,0,7,4,4.8,6.2,-3,1.4,9
"16699128",1,53,1,3,8,4.6,6.4,5,1.8,4.9,54,0,,,,,,,7.3
"16699128",2,54,0,,,,,,,7.3,53,1,3,8,4.6,6.4,5,1.8,4.9
"16711674",1,55,1,4,7,5.2,5.8,3,0.6,6.4,56,0,4.4,6.6,4.2,6.8,2.2,2.6,4.3
"16711674",2,56,0,4.4,6.6,4.2,6.8,2.2,2.6,4.3,55,1,4,7,5.2,5.8,3,0.6,6.4
"17701991",1,57,0,3.6,7.4,4.8,6.2,3.8,1.4,7.6,58,1,4.8,6.2,5.8,5.2,1.4,-0.6,6.7
"17701991",2,58,1,4.8,6.2,5.8,5.2,1.4,-0.6,6.7,57,0,3.6,7.4,4.8,6.2,3.8,1.4,7.6
"17986423",1,59,0,8,3,8,3,-5,-5,8.7,60,1,8,3,7.8,3.2,-5,-4.6,8.7
"17986423",2,60,1,8,3,7.8,3.2,-5,-4.6,8.7,59,0,8,3,8,3,-5,-5,8.7
"18097117",1,61,1,6.4,4.6,5,6,-1.8,1,7,62,0,7.2,3.8,6.4,4.6,-3.4,-1.8,6.6
"18097117",2,62,0,7.2,3.8,6.4,4.6,-3.4,-1.8,6.6,61,1,6.4,4.6,5,6,-1.8,1,7
"18284987",1,63,0,5.6,5.4,6.2,4.8,-0.199999999999999,-1.4,8.6,64,1,5.8,5.2,5.4,5.6,-0.6,0.199999999999999,9
"18284987",2,64,1,5.8,5.2,5.4,5.6,-0.6,0.199999999999999,9,63,0,5.6,5.4,6.2,4.8,-0.199999999999999,-1.4,8.6
"18324617",1,65,0,6.6,4.4,5.6,5.4,-2.2,-0.199999999999999,8.7,66,1,4.2,6.8,5,6,2.6,1,9
"18324617",2,66,1,4.2,6.8,5,6,2.6,1,9,65,0,6.6,4.4,5.6,5.4,-2.2,-0.199999999999999,8.7
"18756718",1,67,1,7.4,3.6,4.8,6.2,-3.8,1.4,8.2,68,0,6,5,5,6,-1,1,8.5
"18756718",2,68,0,6,5,5,6,-1,1,8.5,67,1,7.4,3.6,4.8,6.2,-3.8,1.4,8.2
"18785388",1,69,0,6.6,4.4,5,6,-2.2,1,8.5,70,1,5.6,5.4,6.2,4.8,-0.199999999999999,-1.4,8.8
"18785388",2,70,1,5.6,5.4,6.2,4.8,-0.199999999999999,-1.4,8.8,69,0,6.6,4.4,5,6,-2.2,1,8.5
"19323251",1,71,1,5.4,5.6,5,6,0.199999999999999,1,8.3,72,0,4.6,6.4,5.8,5.2,1.8,-0.6,8.9
"19323251",2,72,0,4.6,6.4,5.8,5.2,1.8,-0.6,8.9,71,1,5.4,5.6,5,6,0.199999999999999,1,8.3
"19733641",1,73,1,7.2,3.8,6.2,4.8,-3.4,-1.4,9,74,0,6.4,4.6,6.4,4.6,-1.8,-1.8,9
"19733641",2,74,0,6.4,4.6,6.4,4.6,-1.8,-1.8,9,73,1,7.2,3.8,6.2,4.8,-3.4,-1.4,9
"22536798",1,75,1,6.8,4.2,6.8,4.2,-2.6,-2.6,5.1,76,0,7,4,4.4,6.6,-3,2.2,5.2
"22536798",2,76,0,7,4,4.4,6.6,-3,2.2,5.2,75,1,6.8,4.2,6.8,4.2,-2.6,-2.6,5.1
"23712310",1,77,0,7,4,6,5,-3,-1,4.8,78,1,5.6,5.4,5.4,5.6,-0.199999999999999,0.199999999999999,5
"23712310",2,78,1,5.6,5.4,5.4,5.6,-0.199999999999999,0.199999999999999,5,77,0,7,4,6,5,-3,-1,4.8
"23782765",1,79,0,5.6,5.4,6.6,4.4,-0.199999999999999,-2.2,8.4,80,1,7.4,3.6,6.2,4.8,-3.8,-1.4,8.5
"23782765",2,80,1,7.4,3.6,6.2,4.8,-3.8,-1.4,8.5,79,0,5.6,5.4,6.6,4.4,-0.199999999999999,-2.2,8.4
"23799711",1,81,0,3.6,7.4,4.2,6.8,3.8,2.6,8,82,1,4,7,3.8,7.2,3,3.4,7.7
"23799711",2,82,1,4,7,3.8,7.2,3,3.4,7.7,81,0,3.6,7.4,4.2,6.8,3.8,2.6,8
"27005905",1,83,1,6.6,4.4,5,6,-2.2,1,8.9,84,0,7.6,3.4,6.2,4.8,-4.2,-1.4,8.4
"27005905",2,84,0,7.6,3.4,6.2,4.8,-4.2,-1.4,8.4,83,1,6.6,4.4,5,6,-2.2,1,8.9
"27311279",1,85,1,5.4,5.6,6.6,4.4,0.199999999999999,-2.2,,86,0,6.8,4.2,7.6,3.4,-2.6,-4.2,9
"27311279",2,86,0,6.8,4.2,7.6,3.4,-2.6,-4.2,9,85,1,5.4,5.6,6.6,4.4,0.199999999999999,-2.2,
"27511978",1,87,0,5.4,5.6,5,6,0.199999999999999,1,8.9,88,1,5.6,5.4,5.4,5.6,-0.199999999999999,0.199999999999999,9
"27511978",2,88,1,5.6,5.4,5.4,5.6,-0.199999999999999,0.199999999999999,9,87,0,5.4,5.6,5,6,0.199999999999999,1,8.9
"28021760",1,89,0,4.8,6.2,5.6,5.4,1.4,-0.199999999999999,7.6,90,1,6.2,4.8,4.4,6.6,-1.4,2.2,8.1
"28021760",2,90,1,6.2,4.8,4.4,6.6,-1.4,2.2,8.1,89,0,4.8,6.2,5.6,5.4,1.4,-0.199999999999999,7.6
"28947773",1,91,1,5.6,5.4,4.4,6.6,-0.199999999999999,2.2,8,92,0,5,6,5.4,5.6,1,0.199999999999999,8.4
"28947773",2,92,0,5,6,5.4,5.6,1,0.199999999999999,8.4,91,1,5.6,5.4,4.4,6.6,-0.199999999999999,2.2,8
"28992200",1,93,1,6.2,4.8,4.4,6.6,-1.4,2.2,6.2,94,0,5,6,7.8,3.2,1,-4.6,5.4
"28992200",2,94,0,5,6,7.8,3.2,1,-4.6,5.4,93,1,6.2,4.8,4.4,6.6,-1.4,2.2,6.2
"28992252",1,95,1,6.4,4.6,6.2,4.8,-1.8,-1.4,7.3,96,0,6,5,8,3,-1,-5,
"28992252",2,96,0,6,5,8,3,-1,-5,,95,1,6.4,4.6,6.2,4.8,-1.8,-1.4,7.3
"28993415",1,97,0,6.4,4.6,5.8,5.2,-1.8,-0.6,8.5,98,1,,,,,,,7.1
"28993415",2,98,1,,,,,,,7.1,97,0,6.4,4.6,5.8,5.2,-1.8,-0.6,8.5
"29008274",1,99,0,5.8,5.2,4.8,6.2,-0.6,1.4,5.4,100,1,7.6,3.4,4.4,6.6,-4.2,2.2,
"29008274",2,100,1,7.6,3.4,4.4,6.6,-4.2,2.2,,99,0,5.8,5.2,4.8,6.2,-0.6,1.4,5.4
"29008631",1,101,1,7,4,5.4,5.6,-3,0.199999999999999,8.5,102,0,5,6,5.6,5.4,1,-0.199999999999999,8.5
"29008631",2,102,0,5,6,5.6,5.4,1,-0.199999999999999,8.5,101,1,7,4,5.4,5.6,-3,0.199999999999999,8.5
"29014377",1,103,0,4.6,6.4,7.2,3.8,1.8,-3.4,7.5,104,1,6,5,5.2,5.8,-1,0.6,8.4
"29014377",2,104,1,6,5,5.2,5.8,-1,0.6,8.4,103,0,4.6,6.4,7.2,3.8,1.8,-3.4,7.5
"29027911",1,105,1,5.8,5.2,6.2,4.8,-0.6,-1.4,9,106,0,6.2,4.8,6.6,4.4,-1.4,-2.2,8.8
"29027911",2,106,0,6.2,4.8,6.6,4.4,-1.4,-2.2,8.8,105,1,5.8,5.2,6.2,4.8,-0.6,-1.4,9
"29029182",1,107,0,8,3,8,3,-5,-5,9,108,1,7.6,3.4,7.2,3.8,-4.2,-3.4,8.3
"29029182",2,108,1,7.6,3.4,7.2,3.8,-4.2,-3.4,8.3,107,0,8,3,8,3,-5,-5,9
"29070034",1,109,1,8,3,6.8,4.2,-5,-2.6,7.8,110,0,7,4,6,5,-3,-1,8.2
"29070034",2,110,0,7,4,6,5,-3,-1,8.2,109,1,8,3,6.8,4.2,-5,-2.6,7.8
"29077358",1,111,0,7.4,3.6,7.6,3.4,-3.8,-4.2,8.5,112,1,6.2,4.8,5.4,5.6,-1.4,0.199999999999999,8.4
"29077358",2,112,1,6.2,4.8,5.4,5.6,-1.4,0.199999999999999,8.4,111,0,7.4,3.6,7.6,3.4,-3.8,-4.2,8.5
"29080875",1,113,1,7.4,3.6,6,5,-3.8,-1,7.4,114,0,4.8,6.2,6.6,4.4,1.4,-2.2,7
"29080875",2,114,0,4.8,6.2,6.6,4.4,1.4,-2.2,7,113,1,7.4,3.6,6,5,-3.8,-1,7.4
"29083526",1,115,0,4.6,6.4,6.8,4.2,1.8,-2.6,6.2,116,1,7.8,3.2,5,6,-4.6,1,7.3
"29083526",2,116,1,7.8,3.2,5,6,-4.6,1,7.3,115,0,4.6,6.4,6.8,4.2,1.8,-2.6,6.2
"29090161",1,117,0,5.2,5.8,7.6,3.4,0.6,-4.2,7.8,118,1,8,3,8,3,-5,-5,8.1
"29090161",2,118,1,8,3,8,3,-5,-5,8.1,117,0,5.2,5.8,7.6,3.4,0.6,-4.2,7.8
"29108175",1,119,1,6.8,4.2,6.8,4.2,-2.6,-2.6,7.3,120,0,6.4,4.6,6.6,4.4,-1.8,-2.2,7.7
"29108175",2,120,0,6.4,4.6,6.6,4.4,-1.8,-2.2,7.7,119,1,6.8,4.2,6.8,4.2,-2.6,-2.6,7.3
"29113070",1,121,0,6.8,4.2,8,3,-2.6,-5,,122,1,8,3,7.2,3.8,-5,-3.4,8.5
"29113070",2,122,1,8,3,7.2,3.8,-5,-3.4,8.5,121,0,6.8,4.2,8,3,-2.6,-5,
"29120878",1,123,0,6.6,4.4,6.4,4.6,-2.2,-1.8,7.2,124,1,6.8,4.2,3.8,7.2,-2.6,3.4,9
"29120878",2,124,1,6.8,4.2,3.8,7.2,-2.6,3.4,9,123,0,6.6,4.4,6.4,4.6,-2.2,-1.8,7.2
"29169727",1,125,0,4.2,6.8,6.2,4.8,2.6,-1.4,7.4,126,1,5.2,5.8,6,5,0.6,-1,8.2
"29169727",2,126,1,5.2,5.8,6,5,0.6,-1,8.2,125,0,4.2,6.8,6.2,4.8,2.6,-1.4,7.4
"29169849",1,127,0,6.8,4.2,5.2,5.8,-2.6,0.6,8.1,128,1,6.2,4.8,4.8,6.2,-1.4,1.4,8.1
"29169849",2,128,1,6.2,4.8,4.8,6.2,-1.4,1.4,8.1,127,0,6.8,4.2,5.2,5.8,-2.6,0.6,8.1
"29186653",1,129,0,6.2,4.8,3.8,7.2,-1.4,3.4,8.4,130,1,5.2,5.8,4,7,0.6,3,8.9
"29186653",2,130,1,5.2,5.8,4,7,0.6,3,8.9,129,0,6.2,4.8,3.8,7.2,-1.4,3.4,8.4
"29187228",1,131,0,5.4,5.6,6.4,4.6,0.199999999999999,-1.8,7.2,132,1,4.4,6.6,3.8,7.2,2.2,3.4,7.7
"29187228",2,132,1,4.4,6.6,3.8,7.2,2.2,3.4,7.7,131,0,5.4,5.6,6.4,4.6,0.199999999999999,-1.8,7.2
"29196654",1,133,0,6.8,4.2,6.8,4.2,-2.6,-2.6,9,134,1,6.4,4.6,4.8,6.2,-1.8,1.4,8.6
"29196654",2,134,1,6.4,4.6,4.8,6.2,-1.8,1.4,8.6,133,0,6.8,4.2,6.8,4.2,-2.6,-2.6,9
"29226842",1,135,0,5.8,5.2,6.6,4.4,-0.6,-2.2,9,136,1,8,3,8,3,-5,-5,9
"29226842",2,136,1,8,3,8,3,-5,-5,9,135,0,5.8,5.2,6.6,4.4,-0.6,-2.2,9
"29237405",1,137,0,6.4,4.6,6.4,4.6,-1.8,-1.8,7.1,138,1,7.8,3.2,6,5,-4.6,-1,7.4
"29237405",2,138,1,7.8,3.2,6,5,-4.6,-1,7.4,137,0,6.4,4.6,6.4,4.6,-1.8,-1.8,7.1
"29251840",1,139,0,4.6,6.4,6.2,4.8,1.8,-1.4,5.9,140,1,5.6,5.4,5.4,5.6,-0.199999999999999,0.199999999999999,
"29251840",2,140,1,5.6,5.4,5.4,5.6,-0.199999999999999,0.199999999999999,,139,0,4.6,6.4,6.2,4.8,1.8,-1.4,5.9
"29258147",1,141,0,6.4,4.6,7.8,3.2,-1.8,-4.6,7.8,142,1,7.6,3.4,7.2,3.8,-4.2,-3.4,8.1
"29258147",2,142,1,7.6,3.4,7.2,3.8,-4.2,-3.4,8.1,141,0,6.4,4.6,7.8,3.2,-1.8,-4.6,7.8
"29273612",1,143,0,6.6,4.4,5.2,5.8,-2.2,0.6,8.8,144,1,6.4,4.6,4.4,6.6,-1.8,2.2,8.6
"29273612",2,144,1,6.4,4.6,4.4,6.6,-1.8,2.2,8.6,143,0,6.6,4.4,5.2,5.8,-2.2,0.6,8.8
"29273822",1,145,1,7.2,3.8,7,4,-3.4,-3,6.3,146,0,7,4,5.4,5.6,-3,0.199999999999999,6.8
"29273822",2,146,0,7,4,5.4,5.6,-3,0.199999999999999,6.8,145,1,7.2,3.8,7,4,-3.4,-3,6.3
"29275282",1,147,0,8,3,5.6,5.4,-5,-0.199999999999999,8.6,148,1,7.2,3.8,6,5,-3.4,-1,5.3
"29275282",2,148,1,7.2,3.8,6,5,-3.4,-1,5.3,147,0,8,3,5.6,5.4,-5,-0.199999999999999,8.6
"29276238",1,149,0,7,4,6,5,-3,-1,7.5,150,1,7,4,5.8,5.2,-3,-0.6,8.4
"29276238",2,150,1,7,4,5.8,5.2,-3,-0.6,8.4,149,0,7,4,6,5,-3,-1,7.5
"29281726",1,151,0,5.6,5.4,3.6,7.4,-0.199999999999999,3.8,9,152,1,6.4,4.6,6.2,4.8,-1.8,-1.4,8
"29281726",2,152,1,6.4,4.6,6.2,4.8,-1.8,-1.4,8,151,0,5.6,5.4,3.6,7.4,-0.199999999999999,3.8,9
"29291479",1,153,0,5.4,5.6,6.2,4.8,0.199999999999999,-1.4,5.6,154,1,7.2,3.8,4.2,6.8,-3.4,2.6,8.5
"29291479",2,154,1,7.2,3.8,4.2,6.8,-3.4,2.6,8.5,153,0,5.4,5.6,6.2,4.8,0.199999999999999,-1.4,5.6
"29302703",1,155,0,4.4,6.6,7,4,2.2,-3,4.5,156,1,7,4,4,7,-3,3,6.6
"29302703",2,156,1,7,4,4,7,-3,3,6.6,155,0,4.4,6.6,7,4,2.2,-3,4.5
"29319965",1,157,0,7,4,7.6,3.4,-3,-4.2,6.2,158,1,6.8,4.2,4.8,6.2,-2.6,1.4,7
"29319965",2,158,1,6.8,4.2,4.8,6.2,-2.6,1.4,7,157,0,7,4,7.6,3.4,-3,-4.2,6.2
"29322606",1,159,0,8,3,7,4,-5,-3,8.9,160,1,7.4,3.6,6,5,-3.8,-1,9
"29322606",2,160,1,7.4,3.6,6,5,-3.8,-1,9,159,0,8,3,7,4,-5,-3,8.9
"29346027",1,161,0,7,4,7.4,3.6,-3,-3.8,6.1,162,1,7.8,3.2,6,5,-4.6,-1,6.9
"29346027",2,162,1,7.8,3.2,6,5,-4.6,-1,6.9,161,0,7,4,7.4,3.6,-3,-3.8,6.1
"29356648",1,163,0,5,6,6,5,1,-1,9,164,1,6,5,6,5,-1,-1,9
"29356648",2,164,1,6,5,6,5,-1,-1,9,163,0,5,6,6,5,1,-1,9
"29358468",1,165,0,7.2,3.8,7.2,3.8,-3.4,-3.4,7.2,166,1,7.2,3.8,5.4,5.6,-3.4,0.199999999999999,8.4
"29358468",2,166,1,7.2,3.8,5.4,5.6,-3.4,0.199999999999999,8.4,165,0,7.2,3.8,7.2,3.8,-3.4,-3.4,7.2
"29398891",1,167,1,7,4,4.8,6.2,-3,1.4,8.6,168,0,5.2,5.8,4.2,6.8,0.6,2.6,8.7
"29398891",2,168,0,5.2,5.8,4.2,6.8,0.6,2.6,8.7,167,1,7,4,4.8,6.2,-3,1.4,8.6
"29434095",1,169,0,5.4,5.6,5.8,5.2,0.199999999999999,-0.6,,170,1,5,6,6.6,4.4,1,-2.2,
"29434095",2,170,1,5,6,6.6,4.4,1,-2.2,,169,0,5.4,5.6,5.8,5.2,0.199999999999999,-0.6,
"29447526",1,171,1,6.8,4.2,5.8,5.2,-2.6,-0.6,8,172,0,6.4,4.6,5.2,5.8,-1.8,0.6,8.2
"29447526",2,172,0,6.4,4.6,5.2,5.8,-1.8,0.6,8.2,171,1,6.8,4.2,5.8,5.2,-2.6,-0.6,8
"29457967",1,173,0,5.8,5.2,7.2,3.8,-0.6,-3.4,5.8,174,1,5.8,5.2,7.6,3.4,-0.6,-4.2,7.9
"29457967",2,174,1,5.8,5.2,7.6,3.4,-0.6,-4.2,7.9,173,0,5.8,5.2,7.2,3.8,-0.6,-3.4,5.8
"29459354",1,175,0,8,3,8,3,-5,-5,,176,1,7.2,3.8,8,3,-3.4,-5,8
"29459354",2,176,1,7.2,3.8,8,3,-3.4,-5,8,175,0,8,3,8,3,-5,-5,
"29469928",1,177,0,6.6,4.4,6.6,4.4,-2.2,-2.2,8.6,178,1,7.8,3.2,7.2,3.8,-4.6,-3.4,8.4
"29469928",2,178,1,7.8,3.2,7.2,3.8,-4.6,-3.4,8.4,177,0,6.6,4.4,6.6,4.4,-2.2,-2.2,8.6
"29472035",1,179,0,4.4,6.6,4.8,6.2,2.2,1.4,6.2,180,1,4.8,6.2,4.4,6.6,1.4,2.2,5.7
"29472035",2,180,1,4.8,6.2,4.4,6.6,1.4,2.2,5.7,179,0,4.4,6.6,4.8,6.2,2.2,1.4,6.2
"29486374",1,181,0,7,4,7.2,3.8,-3,-3.4,6.3,182,1,,,5.8,5.2,,-0.6,6.4
"29486374",2,182,1,,,5.8,5.2,,-0.6,6.4,181,0,7,4,7.2,3.8,-3,-3.4,6.3
"29493026",1,183,0,5,6,6.6,4.4,1,-2.2,7.9,184,1,6.8,4.2,5.8,5.2,-2.6,-0.6,7.5
"29493026",2,184,1,6.8,4.2,5.8,5.2,-2.6,-0.6,7.5,183,0,5,6,6.6,4.4,1,-2.2,7.9
"29508533",1,185,0,6,5,4.2,6.8,-1,2.6,5.5,186,1,6,5,5.2,5.8,-1,0.6,
"29508533",2,186,1,6,5,5.2,5.8,-1,0.6,,185,0,6,5,4.2,6.8,-1,2.6,5.5
"29526900",1,187,0,7.2,3.8,7,4,-3.4,-3,8.5,188,1,7.2,3.8,7,4,-3.4,-3,8.6
"29526900",2,188,1,7.2,3.8,7,4,-3.4,-3,8.6,187,0,7.2,3.8,7,4,-3.4,-3,8.5
"29532872",1,189,0,4,7,4.4,6.6,3,2.2,7.4,190,1,5.2,5.8,5.2,5.8,0.6,0.6,9
"29532872",2,190,1,5.2,5.8,5.2,5.8,0.6,0.6,9,189,0,4,7,4.4,6.6,3,2.2,7.4
"29536578",1,191,0,7.2,3.8,6.8,4.2,-3.4,-2.6,3.5,192,1,7.4,3.6,5.4,5.6,-3.8,0.199999999999999,5.1
"29536578",2,192,1,7.4,3.6,5.4,5.6,-3.8,0.199999999999999,5.1,191,0,7.2,3.8,6.8,4.2,-3.4,-2.6,3.5
"29559028",1,193,0,5.2,5.8,5.4,5.6,0.6,0.199999999999999,6.6,194,1,5,6,4.8,6.2,1,1.4,6.3
"29559028",2,194,1,5,6,4.8,6.2,1,1.4,6.3,193,0,5.2,5.8,5.4,5.6,0.6,0.199999999999999,6.6
"29577345",1,195,0,6,5,7.2,3.8,-1,-3.4,8.4,196,1,6,5,5.2,5.8,-1,0.6,8.6
"29577345",2,196,1,6,5,5.2,5.8,-1,0.6,8.6,195,0,6,5,7.2,3.8,-1,-3.4,8.4
"29579556",1,197,0,3.8,7.2,6,5,3.4,-1,8.4,198,1,6.2,4.8,5.8,5.2,-1.4,-0.6,8.6
"29579556",2,198,1,6.2,4.8,5.8,5.2,-1.4,-0.6,8.6,197,0,3.8,7.2,6,5,3.4,-1,8.4
"29597452",1,199,0,4,7,6.2,4.8,3,-1.4,8,200,1,4,7,3,8,3,5,8.1
"29597452",2,200,1,4,7,3,8,3,5,8.1,199,0,4,7,6.2,4.8,3,-1.4,8
"29601472",1,201,0,6.2,4.8,7.8,3.2,-1.4,-4.6,8.8,202,1,8,3,5,6,-5,1,8.6
"29601472",2,202,1,8,3,5,6,-5,1,8.6,201,0,6.2,4.8,7.8,3.2,-1.4,-4.6,8.8
"29622262",1,203,0,5.4,5.6,4.8,6.2,0.199999999999999,1.4,9,204,1,5.2,5.8,5.2,5.8,0.6,0.6,9
"29622262",2,204,1,5.2,5.8,5.2,5.8,0.6,0.6,9,203,0,5.4,5.6,4.8,6.2,0.199999999999999,1.4,9
"29636672",1,205,0,5.6,5.4,7,4,-0.199999999999999,-3,8.1,206,1,7,4,7,4,-3,-3,8.3
"29636672",2,206,1,7,4,7,4,-3,-3,8.3,205,0,5.6,5.4,7,4,-0.199999999999999,-3,8.1
"29647555",1,207,0,7.4,3.6,7,4,-3.8,-3,2.9,208,1,8,3,6.6,4.4,-5,-2.2,4.1
"29647555",2,208,1,8,3,6.6,4.4,-5,-2.2,4.1,207,0,7.4,3.6,7,4,-3.8,-3,2.9
"29648648",1,209,0,4.4,6.6,6.2,4.8,2.2,-1.4,5,210,1,4.2,6.8,5.2,5.8,2.6,0.6,5.1
"29648648",2,210,1,4.2,6.8,5.2,5.8,2.6,0.6,5.1,209,0,4.4,6.6,6.2,4.8,2.2,-1.4,5
"29650679",1,211,0,5.4,5.6,5.6,5.4,0.199999999999999,-0.199999999999999,8.2,212,1,5.4,5.6,4.8,6.2,0.199999999999999,1.4,8.2
"29650679",2,212,1,5.4,5.6,4.8,6.2,0.199999999999999,1.4,8.2,211,0,5.4,5.6,5.6,5.4,0.199999999999999,-0.199999999999999,8.2
"29655905",1,213,0,5.6,5.4,6.2,4.8,-0.199999999999999,-1.4,8.8,214,1,5.4,5.6,5.4,5.6,0.199999999999999,0.199999999999999,8.4
"29655905",2,214,1,5.4,5.6,5.4,5.6,0.199999999999999,0.199999999999999,8.4,213,0,5.6,5.4,6.2,4.8,-0.199999999999999,-1.4,8.8
"29670187",1,215,0,6.8,4.2,4.8,6.2,-2.6,1.4,8.4,216,1,4.2,6.8,6.4,4.6,2.6,-1.8,9
"29670187",2,216,1,4.2,6.8,6.4,4.6,2.6,-1.8,9,215,0,6.8,4.2,4.8,6.2,-2.6,1.4,8.4
"29675494",1,217,1,6.8,4.2,6.8,4.2,-2.6,-2.6,6.1,218,0,7.8,3.2,8,3,-4.6,-5,6.4
"29675494",2,218,0,7.8,3.2,8,3,-4.6,-5,6.4,217,1,6.8,4.2,6.8,4.2,-2.6,-2.6,6.1
"29676367",1,219,0,5,6,5.6,5.4,1,-0.199999999999999,8.6,220,1,5.4,5.6,4,7,0.199999999999999,3,8.6
"29676367",2,220,1,5.4,5.6,4,7,0.199999999999999,3,8.6,219,0,5,6,5.6,5.4,1,-0.199999999999999,8.6
"29679706",1,221,1,5.6,5.4,4.6,6.4,-0.199999999999999,1.8,1.7,222,0,6.8,4.2,6.8,4.2,-2.6,-2.6,1
"29679706",2,222,0,6.8,4.2,6.8,4.2,-2.6,-2.6,1,221,1,5.6,5.4,4.6,6.4,-0.199999999999999,1.8,1.7
"29711478",1,223,1,6.8,4.2,5.8,5.2,-2.6,-0.6,8,224,0,6.4,4.6,5.4,5.6,-1.8,0.199999999999999,8.1
"29711478",2,224,0,6.4,4.6,5.4,5.6,-1.8,0.199999999999999,8.1,223,1,6.8,4.2,5.8,5.2,-2.6,-0.6,8
"29725014",1,225,0,4.8,6.2,7.6,3.4,1.4,-4.2,8.2,226,1,4.8,6.2,6.6,4.4,1.4,-2.2,7.8
"29725014",2,226,1,4.8,6.2,6.6,4.4,1.4,-2.2,7.8,225,0,4.8,6.2,7.6,3.4,1.4,-4.2,8.2
"29725200",1,227,1,5.6,5.4,5.4,5.6,-0.199999999999999,0.199999999999999,7.2,228,0,6.6,4.4,6.6,4.4,-2.2,-2.2,5
"29725200",2,228,0,6.6,4.4,6.6,4.4,-2.2,-2.2,5,227,1,5.6,5.4,5.4,5.6,-0.199999999999999,0.199999999999999,7.2
"29727375",1,229,0,5,6,5.8,5.2,1,-0.6,7.2,230,1,6.2,4.8,6.6,4.4,-1.4,-2.2,7.9
"29727375",2,230,1,6.2,4.8,6.6,4.4,-1.4,-2.2,7.9,229,0,5,6,5.8,5.2,1,-0.6,7.2
"29733249",1,231,0,6.6,4.4,6.8,4.2,-2.2,-2.6,6.7,232,1,6.6,4.4,5.4,5.6,-2.2,0.199999999999999,6.6
"29733249",2,232,1,6.6,4.4,5.4,5.6,-2.2,0.199999999999999,6.6,231,0,6.6,4.4,6.8,4.2,-2.2,-2.6,6.7
"29733973",1,233,1,8,3,5.2,5.8,-5,0.6,6.5,234,0,5.8,5.2,7.4,3.6,-0.6,-3.8,7.9
"29733973",2,234,0,5.8,5.2,7.4,3.6,-0.6,-3.8,7.9,233,1,8,3,5.2,5.8,-5,0.6,6.5
"29736251",1,235,1,5.6,5.4,5.8,5.2,-0.199999999999999,-0.6,5.8,236,0,5,6,6,5,1,-1,7
"29736251",2,236,0,5,6,6,5,1,-1,7,235,1,5.6,5.4,5.8,5.2,-0.199999999999999,-0.6,5.8
"29751672",1,237,0,7,4,5,6,-3,1,6.8,238,1,6.4,4.6,6,5,-1.8,-1,
"29751672",2,238,1,6.4,4.6,6,5,-1.8,-1,,237,0,7,4,5,6,-3,1,6.8
"29752580",1,239,0,7.2,3.8,3.6,7.4,-3.4,3.8,5.8,240,1,5.4,5.6,6.8,4.2,0.199999999999999,-2.6,7
"29752580",2,240,1,5.4,5.6,6.8,4.2,0.199999999999999,-2.6,7,239,0,7.2,3.8,3.6,7.4,-3.4,3.8,5.8
"29758869",1,241,0,7,4,7,4,-3,-3,8.2,242,1,6.8,4.2,5.6,5.4,-2.6,-0.199999999999999,7.9
"29758869",2,242,1,6.8,4.2,5.6,5.4,-2.6,-0.199999999999999,7.9,241,0,7,4,7,4,-3,-3,8.2
"29759818",1,243,0,5.2,5.8,6.8,4.2,0.6,-2.6,7,244,1,6.6,4.4,4.8,6.2,-2.2,1.4,7.8
"29759818",2,244,1,6.6,4.4,4.8,6.2,-2.2,1.4,7.8,243,0,5.2,5.8,6.8,4.2,0.6,-2.6,7
"29775425",1,245,1,4.2,6.8,3.6,7.4,2.6,3.8,7.1,246,0,6,5,6.6,4.4,-1,-2.2,6.9
"29775425",2,246,0,6,5,6.6,4.4,-1,-2.2,6.9,245,1,4.2,6.8,3.6,7.4,2.6,3.8,7.1
"29778230",1,247,0,7,4,7.2,3.8,-3,-3.4,8.1,248,1,7.4,3.6,4.8,6.2,-3.8,1.4,8.4
"29778230",2,248,1,7.4,3.6,4.8,6.2,-3.8,1.4,8.4,247,0,7,4,7.2,3.8,-3,-3.4,8.1
"29779946",1,249,0,6.4,4.6,6,5,-1.8,-1,8.8,250,1,7.2,3.8,5.2,5.8,-3.4,0.6,8.5
"29779946",2,250,1,7.2,3.8,5.2,5.8,-3.4,0.6,8.5,249,0,6.4,4.6,6,5,-1.8,-1,8.8
"29793807",1,251,0,6.2,4.8,5.4,5.6,-1.4,0.199999999999999,8.8,252,1,6.6,4.4,5.6,5.4,-2.2,-0.199999999999999,
"29793807",2,252,1,6.6,4.4,5.6,5.4,-2.2,-0.199999999999999,,251,0,6.2,4.8,5.4,5.6,-1.4,0.199999999999999,8.8
"29795327",1,253,0,6.6,4.4,5.2,5.8,-2.2,0.6,6,254,1,7.2,3.8,6,5,-3.4,-1,8.1
"29795327",2,254,1,7.2,3.8,6,5,-3.4,-1,8.1,253,0,6.6,4.4,5.2,5.8,-2.2,0.6,6
"29802428",1,255,0,5.2,5.8,7,4,0.6,-3,8.9,256,1,7.8,3.2,7.2,3.8,-4.6,-3.4,9
"29802428",2,256,1,7.8,3.2,7.2,3.8,-4.6,-3.4,9,255,0,5.2,5.8,7,4,0.6,-3,8.9
"29811081",1,257,1,4,7,4.2,6.8,3,2.6,9,258,0,4.8,6.2,3,8,1.4,5,9
"29811081",2,258,0,4.8,6.2,3,8,1.4,5,9,257,1,4,7,4.2,6.8,3,2.6,9
"31142588",1,259,1,6,5,4.6,6.4,-1,1.8,9,260,0,7.6,3.4,6,5,-4.2,-1,9
"31142588",2,260,0,7.6,3.4,6,5,-4.2,-1,9,259,1,6,5,4.6,6.4,-1,1.8,9
"31232445",1,261,0,5.8,5.2,5.2,5.8,-0.6,0.6,8.2,262,1,6.2,4.8,6.4,4.6,-1.4,-1.8,1.4
"31232445",2,262,1,6.2,4.8,6.4,4.6,-1.4,-1.8,1.4,261,0,5.8,5.2,5.2,5.8,-0.6,0.6,8.2
"31256405",1,263,1,6.4,4.6,5.8,5.2,-1.8,-0.6,5.8,264,0,7.2,3.8,7.4,3.6,-3.4,-3.8,3.6
"31256405",2,264,0,7.2,3.8,7.4,3.6,-3.4,-3.8,3.6,263,1,6.4,4.6,5.8,5.2,-1.8,-0.6,5.8
"31423023",1,265,1,6.4,4.6,5.2,5.8,-1.8,0.6,8.1,266,0,5.6,5.4,6.2,4.8,-0.199999999999999,-1.4,8.6
"31423023",2,266,0,5.6,5.4,6.2,4.8,-0.199999999999999,-1.4,8.6,265,1,6.4,4.6,5.2,5.8,-1.8,0.6,8.1
"31455950",1,267,0,7.8,3.2,6.2,4.8,-4.6,-1.4,8.8,268,1,5.6,5.4,5,6,-0.199999999999999,1,8.8
"31455950",2,268,1,5.6,5.4,5,6,-0.199999999999999,1,8.8,267,0,7.8,3.2,6.2,4.8,-4.6,-1.4,8.8
"31471311",1,269,0,7.2,3.8,6,5,-3.4,-1,6.7,270,1,4.4,6.6,5.2,5.8,2.2,0.6,7
"31471311",2,270,1,4.4,6.6,5.2,5.8,2.2,0.6,7,269,0,7.2,3.8,6,5,-3.4,-1,6.7
"31635308",1,271,0,5,6,5.2,5.8,1,0.6,8.6,272,1,6.4,4.6,5.4,5.6,-1.8,0.199999999999999,9
"31635308",2,272,1,6.4,4.6,5.4,5.6,-1.8,0.199999999999999,9,271,0,5,6,5.2,5.8,1,0.6,8.6
"31764329",1,273,1,4.6,6.4,6,5,1.8,-1,6.8,274,0,6,5,6.2,4.8,-1,-1.4,
"31764329",2,274,0,6,5,6.2,4.8,-1,-1.4,,273,1,4.6,6.4,6,5,1.8,-1,6.8
"31822775",1,275,0,4.4,6.6,,,2.2,,6.1,276,1,,,5.2,5.8,,0.6,7.8
"31822775",2,276,1,,,5.2,5.8,,0.6,7.8,275,0,4.4,6.6,,,2.2,,6.1
"31848482",1,277,0,6.4,4.6,5.6,5.4,-1.8,-0.199999999999999,7.5,278,1,4.8,6.2,6.2,4.8,1.4,-1.4,7.2
"31848482",2,278,1,4.8,6.2,6.2,4.8,1.4,-1.4,7.2,277,0,6.4,4.6,5.6,5.4,-1.8,-0.199999999999999,7.5
"31904581",1,279,0,5.8,5.2,6.4,4.6,-0.6,-1.8,7.5,280,1,5.6,5.4,6.4,4.6,-0.199999999999999,-1.8,7.4
"31904581",2,280,1,5.6,5.4,6.4,4.6,-0.199999999999999,-1.8,7.4,279,0,5.8,5.2,6.4,4.6,-0.6,-1.8,7.5
"32021977",1,281,1,5.4,5.6,5.8,5.2,0.199999999999999,-0.6,7.9,282,0,7,4,,,-3,,8.7
"32021977",2,282,0,7,4,,,-3,,8.7,281,1,5.4,5.6,5.8,5.2,0.199999999999999,-0.6,7.9
"32048295",1,283,0,3,8,6.4,4.6,5,-1.8,,284,1,7.2,3.8,5.8,5.2,-3.4,-0.6,7
"32048295",2,284,1,7.2,3.8,5.8,5.2,-3.4,-0.6,7,283,0,3,8,6.4,4.6,5,-1.8,
"32134573",1,285,0,5.6,5.4,4.4,6.6,-0.199999999999999,2.2,8,286,1,6.4,4.6,5.4,5.6,-1.8,0.199999999999999,8.4
"32134573",2,286,1,6.4,4.6,5.4,5.6,-1.8,0.199999999999999,8.4,285,0,5.6,5.4,4.4,6.6,-0.199999999999999,2.2,8
"32166157",1,287,0,7.6,3.4,6.8,4.2,-4.2,-2.6,8.2,288,1,6.8,4.2,3.8,7.2,-2.6,3.4,7.8
"32166157",2,288,1,6.8,4.2,3.8,7.2,-2.6,3.4,7.8,287,0,7.6,3.4,6.8,4.2,-4.2,-2.6,8.2
"32585631",1,289,1,7.8,3.2,5.2,5.8,-4.6,0.6,8.5,290,0,,,,,,,8.3
"32585631",2,290,0,,,,,,,8.3,289,1,7.8,3.2,5.2,5.8,-4.6,0.6,8.5
"32837451",1,291,0,5.6,5.4,4.4,6.6,-0.199999999999999,2.2,8.1,292,1,4.8,6.2,6.8,4.2,1.4,-2.6,8.4
"32837451",2,292,1,4.8,6.2,6.8,4.2,1.4,-2.6,8.4,291,0,5.6,5.4,4.4,6.6,-0.199999999999999,2.2,8.1
"32893460",1,293,0,8,3,7.4,3.6,-5,-3.8,2.2,294,1,4.4,6.6,7.6,3.4,2.2,-4.2,1.6
"32893460",2,294,1,4.4,6.6,7.6,3.4,2.2,-4.2,1.6,293,0,8,3,7.4,3.6,-5,-3.8,2.2
"32939460",1,295,0,4.6,6.4,7.2,3.8,1.8,-3.4,8.7,296,1,5.8,5.2,5.2,5.8,-0.6,0.6,8.7
"32939460",2,296,1,5.8,5.2,5.2,5.8,-0.6,0.6,8.7,295,0,4.6,6.4,7.2,3.8,1.8,-3.4,8.7
"32997534",1,297,0,8,3,7.6,3.4,-5,-4.2,6.1,298,1,5.8,5.2,5,6,-0.6,1,2.9
"32997534",2,298,1,5.8,5.2,5,6,-0.6,1,2.9,297,0,8,3,7.6,3.4,-5,-4.2,6.1
"33046177",1,299,0,7,4,7.2,3.8,-3,-3.4,9,300,1,5.4,5.6,5.6,5.4,0.199999999999999,-0.199999999999999,8.7
"33046177",2,300,1,5.4,5.6,5.6,5.4,0.199999999999999,-0.199999999999999,8.7,299,0,7,4,7.2,3.8,-3,-3.4,9
"33094797",1,301,1,,,,,,,6.3,302,0,,,,,,,6.9
"33094797",2,302,0,,,,,,,6.9,301,1,,,,,,,6.3
"33170169",1,303,1,6.4,4.6,5,6,-1.8,1,7.7,304,0,6.2,4.8,,,-1.4,,8.2
"33170169",2,304,0,6.2,4.8,,,-1.4,,8.2,303,1,6.4,4.6,5,6,-1.8,1,7.7
"33257597",1,305,0,4.8,6.2,7.2,3.8,1.4,-3.4,5.5,306,1,5.2,5.8,5.6,5.4,0.6,-0.199999999999999,6.7
"33257597",2,306,1,5.2,5.8,5.6,5.4,0.6,-0.199999999999999,6.7,305,0,4.8,6.2,7.2,3.8,1.4,-3.4,5.5
"33275392",1,307,0,5.8,5.2,6.6,4.4,-0.6,-2.2,8.3,308,1,5.8,5.2,5.6,5.4,-0.6,-0.199999999999999,8.7
"33275392",2,308,1,5.8,5.2,5.6,5.4,-0.6,-0.199999999999999,8.7,307,0,5.8,5.2,6.6,4.4,-0.6,-2.2,8.3
"33303114",1,309,0,6.2,4.8,6.2,4.8,-1.4,-1.4,4.9,310,1,5.6,5.4,3.6,7.4,-0.199999999999999,3.8,5.9
"33303114",2,310,1,5.6,5.4,3.6,7.4,-0.199999999999999,3.8,5.9,309,0,6.2,4.8,6.2,4.8,-1.4,-1.4,4.9
"33315985",1,311,0,8,3,7.2,3.8,-5,-3.4,7.3,312,1,7.8,3.2,7.6,3.4,-4.6,-4.2,8.1
"33315985",2,312,1,7.8,3.2,7.6,3.4,-4.6,-4.2,8.1,311,0,8,3,7.2,3.8,-5,-3.4,7.3
"33548752",1,313,0,6.6,4.4,5.2,5.8,-2.2,0.6,6.8,314,1,6,5,5.2,5.8,-1,0.6,7.8
"33548752",2,314,1,6,5,5.2,5.8,-1,0.6,7.8,313,0,6.6,4.4,5.2,5.8,-2.2,0.6,6.8
"33559952",1,315,1,5.4,5.6,5.2,5.8,0.199999999999999,0.6,7.8,316,0,4.2,6.8,6,5,2.6,-1,7.4
"33559952",2,316,0,4.2,6.8,6,5,2.6,-1,7.4,315,1,5.4,5.6,5.2,5.8,0.199999999999999,0.6,7.8
"33642604",1,317,0,4.8,6.2,6.8,4.2,1.4,-2.6,7.7,318,1,6.2,4.8,3.8,7.2,-1.4,3.4,7.4
"33642604",2,318,1,6.2,4.8,3.8,7.2,-1.4,3.4,7.4,317,0,4.8,6.2,6.8,4.2,1.4,-2.6,7.7
"33666277",1,319,1,4.8,6.2,3.8,7.2,1.4,3.4,7,320,0,7.2,3.8,5,6,-3.4,1,8.6
"33666277",2,320,0,7.2,3.8,5,6,-3.4,1,8.6,319,1,4.8,6.2,3.8,7.2,1.4,3.4,7
"33672471",1,321,0,6,5,6,5,-1,-1,7.9,322,1,6,5,,,-1,,
"33672471",2,322,1,6,5,,,-1,,,321,0,6,5,6,5,-1,-1,7.9
"33676931",1,323,0,7.6,3.4,8,3,-4.2,-5,8.3,324,1,7.6,3.4,7.6,3.4,-4.2,-4.2,8.1
"33676931",2,324,1,7.6,3.4,7.6,3.4,-4.2,-4.2,8.1,323,0,7.6,3.4,8,3,-4.2,-5,8.3
"33701176",1,325,1,6,5,5,6,-1,1,8.2,326,0,6.2,4.8,5.4,5.6,-1.4,0.199999999999999,5.8
"33701176",2,326,0,6.2,4.8,5.4,5.6,-1.4,0.199999999999999,5.8,325,1,6,5,5,6,-1,1,8.2
"33703379",1,327,0,6.8,4.2,6.4,4.6,-2.6,-1.8,7.1,328,1,7,4,8,3,-3,-5,7.8
"33703379",2,328,1,7,4,8,3,-3,-5,7.8,327,0,6.8,4.2,6.4,4.6,-2.6,-1.8,7.1
"33703455",1,329,0,7.8,3.2,5.8,5.2,-4.6,-0.6,8.3,330,1,5.8,5.2,5.6,5.4,-0.6,-0.199999999999999,7.8
"33703455",2,330,1,5.8,5.2,5.6,5.4,-0.6,-0.199999999999999,7.8,329,0,7.8,3.2,5.8,5.2,-4.6,-0.6,8.3
"33706512",1,331,1,7.4,3.6,5.2,5.8,-3.8,0.6,8.6,332,0,5.8,5.2,5,6,-0.6,1,8
"33706512",2,332,0,5.8,5.2,5,6,-0.6,1,8,331,1,7.4,3.6,5.2,5.8,-3.8,0.6,8.6
"33711537",1,333,1,6.8,4.2,7.2,3.8,-2.6,-3.4,8.6,334,0,5.6,5.4,6.8,4.2,-0.199999999999999,-2.6,8.5
"33711537",2,334,0,5.6,5.4,6.8,4.2,-0.199999999999999,-2.6,8.5,333,1,6.8,4.2,7.2,3.8,-2.6,-3.4,8.6
"33711907",1,335,0,6.6,4.4,6,5,-2.2,-1,8.3,336,1,6.8,4.2,6,5,-2.6,-1,9
"33711907",2,336,1,6.8,4.2,6,5,-2.6,-1,9,335,0,6.6,4.4,6,5,-2.2,-1,8.3
"33718812",1,337,1,7.2,3.8,4.4,6.6,-3.4,2.2,,338,0,5.4,5.6,4.8,6.2,0.199999999999999,1.4,9
"33718812",2,338,0,5.4,5.6,4.8,6.2,0.199999999999999,1.4,9,337,1,7.2,3.8,4.4,6.6,-3.4,2.2,
"33728504",1,339,0,7.4,3.6,8,3,-3.8,-5,8.2,340,1,,,,,,,
"33728504",2,340,1,,,,,,,,339,0,7.4,3.6,8,3,-3.8,-5,8.2
"33732206",1,341,0,,,,,,,5.4,342,1,,,,,,,5.3
"33732206",2,342,1,,,,,,,5.3,341,0,,,,,,,5.4
"33735326",1,343,0,5.6,5.4,6.4,4.6,-0.199999999999999,-1.8,6.7,344,1,3.8,7.2,4.2,6.8,3.4,2.6,6.5
"33735326",2,344,1,3.8,7.2,4.2,6.8,3.4,2.6,6.5,343,0,5.6,5.4,6.4,4.6,-0.199999999999999,-1.8,6.7
"33735733",1,345,1,5.8,5.2,5.2,5.8,-0.6,0.6,6.9,346,0,,,,,,,2.5
"33735733",2,346,0,,,,,,,2.5,345,1,5.8,5.2,5.2,5.8,-0.6,0.6,6.9
